Device: cuda
[Step 1] 데이터셋 로드 (FP_TYPES=['ecfp', 'maccs', 'avalon', 'scage1', 'scage2', 'mole'])
[02:08:50] WARNING: not removing hydrogen atom without neighbors
[02:08:50] WARNING: not removing hydrogen atom without neighbors
[02:08:50] WARNING: not removing hydrogen atom without neighbors
[02:08:50] WARNING: not removing hydrogen atom without neighbors
[02:08:50] WARNING: not removing hydrogen atom without neighbors
[02:08:50] WARNING: not removing hydrogen atom without neighbors
[02:08:50] WARNING: not removing hydrogen atom without neighbors
[02:08:50] WARNING: not removing hydrogen atom without neighbors
[02:08:50] WARNING: not removing hydrogen atom without neighbors
[02:08:50] WARNING: not removing hydrogen atom without neighbors
[02:08:50] WARNING: not removing hydrogen atom without neighbors
[02:08:50] WARNING: not removing hydrogen atom without neighbors
[02:08:50] WARNING: not removing hydrogen atom without neighbors
[02:08:50] WARNING: not removing hydrogen atom without neighbors
[02:08:50] WARNING: not removing hydrogen atom without neighbors
[02:08:50] WARNING: not removing hydrogen atom without neighbors
[02:08:50] WARNING: not removing hydrogen atom without neighbors
[02:08:50] WARNING: not removing hydrogen atom without neighbors
[02:08:50] WARNING: not removing hydrogen atom without neighbors
[02:08:50] WARNING: not removing hydrogen atom without neighbors
[02:08:50] WARNING: not removing hydrogen atom without neighbors
[02:08:50] WARNING: not removing hydrogen atom without neighbors
[02:08:50] WARNING: not removing hydrogen atom without neighbors
[02:08:50] WARNING: not removing hydrogen atom without neighbors
[02:08:50] WARNING: not removing hydrogen atom without neighbors
[02:08:50] WARNING: not removing hydrogen atom without neighbors
[02:08:50] WARNING: not removing hydrogen atom without neighbors
[02:08:50] WARNING: not removing hydrogen atom without neighbors
[02:08:50] WARNING: not removing hydrogen atom without neighbors
[02:08:50] WARNING: not removing hydrogen atom without neighbors
[02:08:50] WARNING: not removing hydrogen atom without neighbors
[02:08:50] WARNING: not removing hydrogen atom without neighbors
[02:08:50] WARNING: not removing hydrogen atom without neighbors
[02:08:50] WARNING: not removing hydrogen atom without neighbors
[02:08:50] WARNING: not removing hydrogen atom without neighbors
[02:08:50] WARNING: not removing hydrogen atom without neighbors
[02:08:50] WARNING: not removing hydrogen atom without neighbors
[02:08:50] WARNING: not removing hydrogen atom without neighbors
[02:08:50] WARNING: not removing hydrogen atom without neighbors
[02:08:50] WARNING: not removing hydrogen atom without neighbors
[02:08:50] WARNING: not removing hydrogen atom without neighbors
[02:08:50] WARNING: not removing hydrogen atom without neighbors
[02:08:50] WARNING: not removing hydrogen atom without neighbors
[02:08:50] WARNING: not removing hydrogen atom without neighbors
[02:08:50] WARNING: not removing hydrogen atom without neighbors
[02:08:50] WARNING: not removing hydrogen atom without neighbors
[02:08:50] WARNING: not removing hydrogen atom without neighbors
[02:08:50] WARNING: not removing hydrogen atom without neighbors
[02:08:50] WARNING: not removing hydrogen atom without neighbors
[02:08:50] WARNING: not removing hydrogen atom without neighbors
[02:08:51] WARNING: not removing hydrogen atom without neighbors
[02:08:51] WARNING: not removing hydrogen atom without neighbors
[02:08:51] WARNING: not removing hydrogen atom without neighbors
[02:08:51] WARNING: not removing hydrogen atom without neighbors
[02:08:51] WARNING: not removing hydrogen atom without neighbors
[02:08:51] WARNING: not removing hydrogen atom without neighbors
[02:08:51] WARNING: not removing hydrogen atom without neighbors
[02:08:51] WARNING: not removing hydrogen atom without neighbors
[02:08:51] WARNING: not removing hydrogen atom without neighbors
[02:08:51] WARNING: not removing hydrogen atom without neighbors
[02:08:51] WARNING: not removing hydrogen atom without neighbors
[02:08:51] WARNING: not removing hydrogen atom without neighbors
[02:08:51] WARNING: not removing hydrogen atom without neighbors
[02:08:51] WARNING: not removing hydrogen atom without neighbors
[02:08:51] WARNING: not removing hydrogen atom without neighbors
[02:08:51] WARNING: not removing hydrogen atom without neighbors
[02:08:51] WARNING: not removing hydrogen atom without neighbors
[02:08:51] WARNING: not removing hydrogen atom without neighbors
[02:08:51] WARNING: not removing hydrogen atom without neighbors
[02:08:51] WARNING: not removing hydrogen atom without neighbors
[02:08:51] WARNING: not removing hydrogen atom without neighbors
[02:08:51] WARNING: not removing hydrogen atom without neighbors
[02:08:51] WARNING: not removing hydrogen atom without neighbors
[02:08:51] WARNING: not removing hydrogen atom without neighbors
[02:08:51] WARNING: not removing hydrogen atom without neighbors
[02:08:51] WARNING: not removing hydrogen atom without neighbors
[02:08:51] WARNING: not removing hydrogen atom without neighbors
[02:08:51] WARNING: not removing hydrogen atom without neighbors
[02:08:51] WARNING: not removing hydrogen atom without neighbors
[02:08:51] WARNING: not removing hydrogen atom without neighbors
[02:08:51] WARNING: not removing hydrogen atom without neighbors
[02:08:51] WARNING: not removing hydrogen atom without neighbors
[02:08:51] WARNING: not removing hydrogen atom without neighbors
[02:08:51] WARNING: not removing hydrogen atom without neighbors
[02:08:51] WARNING: not removing hydrogen atom without neighbors
[02:08:51] WARNING: not removing hydrogen atom without neighbors
[02:08:51] WARNING: not removing hydrogen atom without neighbors
[02:08:51] WARNING: not removing hydrogen atom without neighbors
[02:08:51] WARNING: not removing hydrogen atom without neighbors
[02:08:51] WARNING: not removing hydrogen atom without neighbors
[02:08:51] WARNING: not removing hydrogen atom without neighbors
[02:08:51] WARNING: not removing hydrogen atom without neighbors
[02:08:51] WARNING: not removing hydrogen atom without neighbors
[02:08:51] WARNING: not removing hydrogen atom without neighbors
[02:08:51] WARNING: not removing hydrogen atom without neighbors
[02:08:51] WARNING: not removing hydrogen atom without neighbors
[02:08:51] WARNING: not removing hydrogen atom without neighbors
[02:08:51] WARNING: not removing hydrogen atom without neighbors
[02:08:51] WARNING: not removing hydrogen atom without neighbors
[02:08:51] WARNING: not removing hydrogen atom without neighbors
[02:08:51] WARNING: not removing hydrogen atom without neighbors
[02:08:51] WARNING: not removing hydrogen atom without neighbors
[02:08:51] WARNING: not removing hydrogen atom without neighbors
[02:08:51] WARNING: not removing hydrogen atom without neighbors
[02:08:51] WARNING: not removing hydrogen atom without neighbors
[02:08:51] WARNING: not removing hydrogen atom without neighbors
[02:08:51] WARNING: not removing hydrogen atom without neighbors
[02:08:51] WARNING: not removing hydrogen atom without neighbors
[02:08:51] WARNING: not removing hydrogen atom without neighbors
[02:08:51] WARNING: not removing hydrogen atom without neighbors
[02:08:51] WARNING: not removing hydrogen atom without neighbors
[02:08:51] WARNING: not removing hydrogen atom without neighbors
[02:08:51] WARNING: not removing hydrogen atom without neighbors
[02:08:51] WARNING: not removing hydrogen atom without neighbors
[02:08:51] WARNING: not removing hydrogen atom without neighbors
[02:08:51] WARNING: not removing hydrogen atom without neighbors
[02:08:51] WARNING: not removing hydrogen atom without neighbors
[02:08:51] WARNING: not removing hydrogen atom without neighbors
[02:08:51] WARNING: not removing hydrogen atom without neighbors
[02:08:51] WARNING: not removing hydrogen atom without neighbors
[02:08:51] WARNING: not removing hydrogen atom without neighbors
[02:08:51] WARNING: not removing hydrogen atom without neighbors
[02:08:51] WARNING: not removing hydrogen atom without neighbors
[02:08:51] WARNING: not removing hydrogen atom without neighbors
[02:08:51] WARNING: not removing hydrogen atom without neighbors
[02:08:51] WARNING: not removing hydrogen atom without neighbors
[02:08:51] WARNING: not removing hydrogen atom without neighbors
[02:08:51] WARNING: not removing hydrogen atom without neighbors
[02:08:51] WARNING: not removing hydrogen atom without neighbors
[02:08:51] WARNING: not removing hydrogen atom without neighbors
[02:08:51] WARNING: not removing hydrogen atom without neighbors
[02:08:51] WARNING: not removing hydrogen atom without neighbors
[02:08:51] WARNING: not removing hydrogen atom without neighbors
[02:08:51] WARNING: not removing hydrogen atom without neighbors
[02:08:51] WARNING: not removing hydrogen atom without neighbors
[02:08:51] WARNING: not removing hydrogen atom without neighbors
[02:08:51] WARNING: not removing hydrogen atom without neighbors
[02:08:51] WARNING: not removing hydrogen atom without neighbors
[02:08:51] WARNING: not removing hydrogen atom without neighbors
[02:08:51] WARNING: not removing hydrogen atom without neighbors
[02:08:51] WARNING: not removing hydrogen atom without neighbors
[02:08:51] WARNING: not removing hydrogen atom without neighbors
[02:08:51] WARNING: not removing hydrogen atom without neighbors
[02:08:51] WARNING: not removing hydrogen atom without neighbors
[02:08:51] WARNING: not removing hydrogen atom without neighbors
[02:08:51] WARNING: not removing hydrogen atom without neighbors
[02:08:51] WARNING: not removing hydrogen atom without neighbors
[02:08:51] WARNING: not removing hydrogen atom without neighbors
[02:08:51] WARNING: not removing hydrogen atom without neighbors
[02:08:51] WARNING: not removing hydrogen atom without neighbors
[02:08:51] WARNING: not removing hydrogen atom without neighbors
[02:08:51] WARNING: not removing hydrogen atom without neighbors
[02:08:51] WARNING: not removing hydrogen atom without neighbors
[02:08:51] WARNING: not removing hydrogen atom without neighbors
[02:08:51] WARNING: not removing hydrogen atom without neighbors
[02:08:51] WARNING: not removing hydrogen atom without neighbors
[02:08:51] WARNING: not removing hydrogen atom without neighbors
[02:08:51] WARNING: not removing hydrogen atom without neighbors
[02:08:51] WARNING: not removing hydrogen atom without neighbors
[02:08:51] WARNING: not removing hydrogen atom without neighbors
Generating Features:   0%|          | 0/2039 [00:00<?, ?it/s][02:08:51] DEPRECATION WARNING: please use MorganGenerator
[02:08:51] DEPRECATION WARNING: please use MorganGenerator
[02:08:51] DEPRECATION WARNING: please use MorganGenerator
[02:08:51] DEPRECATION WARNING: please use MorganGenerator
[02:08:51] DEPRECATION WARNING: please use MorganGenerator
[02:08:51] DEPRECATION WARNING: please use MorganGenerator
[02:08:51] DEPRECATION WARNING: please use MorganGenerator
[02:08:51] DEPRECATION WARNING: please use MorganGenerator
[02:08:51] DEPRECATION WARNING: please use MorganGenerator
[02:08:51] DEPRECATION WARNING: please use MorganGenerator
[02:08:51] DEPRECATION WARNING: please use MorganGenerator
[02:08:51] DEPRECATION WARNING: please use MorganGenerator
[02:08:51] DEPRECATION WARNING: please use MorganGenerator
[02:08:51] DEPRECATION WARNING: please use MorganGenerator
[02:08:51] DEPRECATION WARNING: please use MorganGenerator
[02:08:51] DEPRECATION WARNING: please use MorganGenerator
[02:08:51] DEPRECATION WARNING: please use MorganGenerator
[02:08:51] DEPRECATION WARNING: please use MorganGenerator
[02:08:51] DEPRECATION WARNING: please use MorganGenerator
[02:08:51] DEPRECATION WARNING: please use MorganGenerator
[02:08:51] DEPRECATION WARNING: please use MorganGenerator
[02:08:51] DEPRECATION WARNING: please use MorganGenerator
[02:08:51] DEPRECATION WARNING: please use MorganGenerator
[02:08:51] DEPRECATION WARNING: please use MorganGenerator
[02:08:51] DEPRECATION WARNING: please use MorganGenerator
[02:08:51] DEPRECATION WARNING: please use MorganGenerator
[02:08:51] DEPRECATION WARNING: please use MorganGenerator
[02:08:51] DEPRECATION WARNING: please use MorganGenerator
[02:08:51] DEPRECATION WARNING: please use MorganGenerator
[02:08:51] DEPRECATION WARNING: please use MorganGenerator
[02:08:51] DEPRECATION WARNING: please use MorganGenerator
[02:08:51] DEPRECATION WARNING: please use MorganGenerator
[02:08:51] DEPRECATION WARNING: please use MorganGenerator
[02:08:51] DEPRECATION WARNING: please use MorganGenerator
[02:08:51] DEPRECATION WARNING: please use MorganGenerator
[02:08:51] DEPRECATION WARNING: please use MorganGenerator
[02:08:51] DEPRECATION WARNING: please use MorganGenerator
[02:08:51] DEPRECATION WARNING: please use MorganGenerator
[02:08:51] DEPRECATION WARNING: please use MorganGenerator
[02:08:51] DEPRECATION WARNING: please use MorganGenerator
[02:08:51] DEPRECATION WARNING: please use MorganGenerator
[02:08:51] DEPRECATION WARNING: please use MorganGenerator
[02:08:51] DEPRECATION WARNING: please use MorganGenerator
[02:08:51] DEPRECATION WARNING: please use MorganGenerator
[02:08:51] DEPRECATION WARNING: please use MorganGenerator
[02:08:51] DEPRECATION WARNING: please use MorganGenerator
[02:08:51] DEPRECATION WARNING: please use MorganGenerator
[02:08:51] DEPRECATION WARNING: please use MorganGenerator
[02:08:51] DEPRECATION WARNING: please use MorganGenerator
[02:08:51] DEPRECATION WARNING: please use MorganGenerator
[02:08:51] DEPRECATION WARNING: please use MorganGenerator
[02:08:51] DEPRECATION WARNING: please use MorganGenerator
[02:08:51] DEPRECATION WARNING: please use MorganGenerator
[02:08:51] DEPRECATION WARNING: please use MorganGenerator
[02:08:51] DEPRECATION WARNING: please use MorganGenerator
[02:08:51] DEPRECATION WARNING: please use MorganGenerator
[02:08:51] DEPRECATION WARNING: please use MorganGenerator
[02:08:51] DEPRECATION WARNING: please use MorganGenerator
[02:08:51] DEPRECATION WARNING: please use MorganGenerator
[02:08:51] WARNING: not removing hydrogen atom without neighbors
[02:08:51] DEPRECATION WARNING: please use MorganGenerator
[02:08:51] DEPRECATION WARNING: please use MorganGenerator
[02:08:51] DEPRECATION WARNING: please use MorganGenerator
[02:08:51] DEPRECATION WARNING: please use MorganGenerator
[02:08:51] DEPRECATION WARNING: please use MorganGenerator
[02:08:51] DEPRECATION WARNING: please use MorganGenerator
[02:08:51] DEPRECATION WARNING: please use MorganGenerator
[02:08:51] DEPRECATION WARNING: please use MorganGenerator
[02:08:51] DEPRECATION WARNING: please use MorganGenerator
[02:08:51] DEPRECATION WARNING: please use MorganGenerator
[02:08:51] DEPRECATION WARNING: please use MorganGenerator
[02:08:51] DEPRECATION WARNING: please use MorganGenerator
[02:08:51] DEPRECATION WARNING: please use MorganGenerator
[02:08:51] DEPRECATION WARNING: please use MorganGenerator
[02:08:51] DEPRECATION WARNING: please use MorganGenerator
[02:08:51] DEPRECATION WARNING: please use MorganGenerator
[02:08:51] DEPRECATION WARNING: please use MorganGenerator
[02:08:51] DEPRECATION WARNING: please use MorganGenerator
[02:08:51] DEPRECATION WARNING: please use MorganGenerator
[02:08:51] DEPRECATION WARNING: please use MorganGenerator
[02:08:51] DEPRECATION WARNING: please use MorganGenerator
[02:08:51] DEPRECATION WARNING: please use MorganGenerator
[02:08:51] DEPRECATION WARNING: please use MorganGenerator
[02:08:51] DEPRECATION WARNING: please use MorganGenerator
[02:08:51] DEPRECATION WARNING: please use MorganGenerator
[02:08:51] DEPRECATION WARNING: please use MorganGenerator
[02:08:51] DEPRECATION WARNING: please use MorganGenerator
[02:08:51] DEPRECATION WARNING: please use MorganGenerator
[02:08:51] DEPRECATION WARNING: please use MorganGenerator
[02:08:51] DEPRECATION WARNING: please use MorganGenerator
[02:08:51] DEPRECATION WARNING: please use MorganGenerator
[02:08:51] DEPRECATION WARNING: please use MorganGenerator
[02:08:51] DEPRECATION WARNING: please use MorganGenerator
[02:08:51] DEPRECATION WARNING: please use MorganGenerator
[02:08:51] DEPRECATION WARNING: please use MorganGenerator
Generating Features:   5%|▍         | 94/2039 [00:00<00:02, 933.77it/s][02:08:51] DEPRECATION WARNING: please use MorganGenerator
[02:08:51] DEPRECATION WARNING: please use MorganGenerator
[02:08:51] DEPRECATION WARNING: please use MorganGenerator
[02:08:51] DEPRECATION WARNING: please use MorganGenerator
[02:08:51] DEPRECATION WARNING: please use MorganGenerator
[02:08:51] DEPRECATION WARNING: please use MorganGenerator
[02:08:51] DEPRECATION WARNING: please use MorganGenerator
[02:08:51] DEPRECATION WARNING: please use MorganGenerator
[02:08:51] DEPRECATION WARNING: please use MorganGenerator
[02:08:51] DEPRECATION WARNING: please use MorganGenerator
[02:08:51] DEPRECATION WARNING: please use MorganGenerator
[02:08:51] DEPRECATION WARNING: please use MorganGenerator
[02:08:51] DEPRECATION WARNING: please use MorganGenerator
[02:08:51] DEPRECATION WARNING: please use MorganGenerator
[02:08:51] DEPRECATION WARNING: please use MorganGenerator
[02:08:51] DEPRECATION WARNING: please use MorganGenerator
[02:08:51] DEPRECATION WARNING: please use MorganGenerator
[02:08:51] DEPRECATION WARNING: please use MorganGenerator
[02:08:51] DEPRECATION WARNING: please use MorganGenerator
[02:08:51] DEPRECATION WARNING: please use MorganGenerator
[02:08:51] DEPRECATION WARNING: please use MorganGenerator
[02:08:51] DEPRECATION WARNING: please use MorganGenerator
[02:08:51] DEPRECATION WARNING: please use MorganGenerator
[02:08:51] DEPRECATION WARNING: please use MorganGenerator
[02:08:51] DEPRECATION WARNING: please use MorganGenerator
[02:08:51] DEPRECATION WARNING: please use MorganGenerator
[02:08:51] DEPRECATION WARNING: please use MorganGenerator
[02:08:51] DEPRECATION WARNING: please use MorganGenerator
[02:08:51] DEPRECATION WARNING: please use MorganGenerator
[02:08:51] DEPRECATION WARNING: please use MorganGenerator
[02:08:51] DEPRECATION WARNING: please use MorganGenerator
[02:08:51] WARNING: not removing hydrogen atom without neighbors
[02:08:51] DEPRECATION WARNING: please use MorganGenerator
[02:08:51] DEPRECATION WARNING: please use MorganGenerator
[02:08:51] DEPRECATION WARNING: please use MorganGenerator
[02:08:51] DEPRECATION WARNING: please use MorganGenerator
[02:08:51] DEPRECATION WARNING: please use MorganGenerator
[02:08:51] DEPRECATION WARNING: please use MorganGenerator
[02:08:51] DEPRECATION WARNING: please use MorganGenerator
[02:08:51] DEPRECATION WARNING: please use MorganGenerator
[02:08:51] DEPRECATION WARNING: please use MorganGenerator
[02:08:51] DEPRECATION WARNING: please use MorganGenerator
[02:08:51] DEPRECATION WARNING: please use MorganGenerator
[02:08:51] DEPRECATION WARNING: please use MorganGenerator
[02:08:52] DEPRECATION WARNING: please use MorganGenerator
[02:08:52] DEPRECATION WARNING: please use MorganGenerator
[02:08:52] DEPRECATION WARNING: please use MorganGenerator
[02:08:52] DEPRECATION WARNING: please use MorganGenerator
[02:08:52] DEPRECATION WARNING: please use MorganGenerator
[02:08:52] DEPRECATION WARNING: please use MorganGenerator
[02:08:52] DEPRECATION WARNING: please use MorganGenerator
[02:08:52] DEPRECATION WARNING: please use MorganGenerator
[02:08:52] DEPRECATION WARNING: please use MorganGenerator
[02:08:52] DEPRECATION WARNING: please use MorganGenerator
[02:08:52] DEPRECATION WARNING: please use MorganGenerator
[02:08:52] DEPRECATION WARNING: please use MorganGenerator
[02:08:52] DEPRECATION WARNING: please use MorganGenerator
[02:08:52] DEPRECATION WARNING: please use MorganGenerator
[02:08:52] DEPRECATION WARNING: please use MorganGenerator
[02:08:52] DEPRECATION WARNING: please use MorganGenerator
[02:08:52] DEPRECATION WARNING: please use MorganGenerator
[02:08:52] DEPRECATION WARNING: please use MorganGenerator
[02:08:52] DEPRECATION WARNING: please use MorganGenerator
[02:08:52] DEPRECATION WARNING: please use MorganGenerator
[02:08:52] DEPRECATION WARNING: please use MorganGenerator
[02:08:52] DEPRECATION WARNING: please use MorganGenerator
[02:08:52] DEPRECATION WARNING: please use MorganGenerator
[02:08:52] DEPRECATION WARNING: please use MorganGenerator
[02:08:52] DEPRECATION WARNING: please use MorganGenerator
[02:08:52] DEPRECATION WARNING: please use MorganGenerator
[02:08:52] DEPRECATION WARNING: please use MorganGenerator
[02:08:52] DEPRECATION WARNING: please use MorganGenerator
[02:08:52] DEPRECATION WARNING: please use MorganGenerator
[02:08:52] DEPRECATION WARNING: please use MorganGenerator
[02:08:52] DEPRECATION WARNING: please use MorganGenerator
[02:08:52] DEPRECATION WARNING: please use MorganGenerator
[02:08:52] DEPRECATION WARNING: please use MorganGenerator
[02:08:52] DEPRECATION WARNING: please use MorganGenerator
[02:08:52] DEPRECATION WARNING: please use MorganGenerator
[02:08:52] DEPRECATION WARNING: please use MorganGenerator
[02:08:52] DEPRECATION WARNING: please use MorganGenerator
[02:08:52] DEPRECATION WARNING: please use MorganGenerator
[02:08:52] DEPRECATION WARNING: please use MorganGenerator
[02:08:52] DEPRECATION WARNING: please use MorganGenerator
[02:08:52] DEPRECATION WARNING: please use MorganGenerator
[02:08:52] DEPRECATION WARNING: please use MorganGenerator
[02:08:52] DEPRECATION WARNING: please use MorganGenerator
[02:08:52] DEPRECATION WARNING: please use MorganGenerator
[02:08:52] DEPRECATION WARNING: please use MorganGenerator
[02:08:52] DEPRECATION WARNING: please use MorganGenerator
[02:08:52] DEPRECATION WARNING: please use MorganGenerator
[02:08:52] DEPRECATION WARNING: please use MorganGenerator
[02:08:52] DEPRECATION WARNING: please use MorganGenerator
[02:08:52] DEPRECATION WARNING: please use MorganGenerator
[02:08:52] DEPRECATION WARNING: please use MorganGenerator
Generating Features:   9%|▉         | 188/2039 [00:00<00:02, 911.79it/s][02:08:52] DEPRECATION WARNING: please use MorganGenerator
[02:08:52] DEPRECATION WARNING: please use MorganGenerator
[02:08:52] DEPRECATION WARNING: please use MorganGenerator
[02:08:52] DEPRECATION WARNING: please use MorganGenerator
[02:08:52] DEPRECATION WARNING: please use MorganGenerator
[02:08:52] DEPRECATION WARNING: please use MorganGenerator
[02:08:52] WARNING: not removing hydrogen atom without neighbors
[02:08:52] DEPRECATION WARNING: please use MorganGenerator
[02:08:52] DEPRECATION WARNING: please use MorganGenerator
[02:08:52] DEPRECATION WARNING: please use MorganGenerator
[02:08:52] DEPRECATION WARNING: please use MorganGenerator
[02:08:52] DEPRECATION WARNING: please use MorganGenerator
[02:08:52] DEPRECATION WARNING: please use MorganGenerator
[02:08:52] DEPRECATION WARNING: please use MorganGenerator
[02:08:52] DEPRECATION WARNING: please use MorganGenerator
[02:08:52] DEPRECATION WARNING: please use MorganGenerator
[02:08:52] DEPRECATION WARNING: please use MorganGenerator
[02:08:52] DEPRECATION WARNING: please use MorganGenerator
[02:08:52] DEPRECATION WARNING: please use MorganGenerator
[02:08:52] DEPRECATION WARNING: please use MorganGenerator
[02:08:52] DEPRECATION WARNING: please use MorganGenerator
[02:08:52] DEPRECATION WARNING: please use MorganGenerator
[02:08:52] DEPRECATION WARNING: please use MorganGenerator
[02:08:52] DEPRECATION WARNING: please use MorganGenerator
[02:08:52] DEPRECATION WARNING: please use MorganGenerator
[02:08:52] DEPRECATION WARNING: please use MorganGenerator
[02:08:52] DEPRECATION WARNING: please use MorganGenerator
[02:08:52] DEPRECATION WARNING: please use MorganGenerator
[02:08:52] DEPRECATION WARNING: please use MorganGenerator
[02:08:52] DEPRECATION WARNING: please use MorganGenerator
[02:08:52] DEPRECATION WARNING: please use MorganGenerator
[02:08:52] DEPRECATION WARNING: please use MorganGenerator
[02:08:52] DEPRECATION WARNING: please use MorganGenerator
[02:08:52] DEPRECATION WARNING: please use MorganGenerator
[02:08:52] WARNING: not removing hydrogen atom without neighbors
[02:08:52] DEPRECATION WARNING: please use MorganGenerator
[02:08:52] DEPRECATION WARNING: please use MorganGenerator
[02:08:52] DEPRECATION WARNING: please use MorganGenerator
[02:08:52] DEPRECATION WARNING: please use MorganGenerator
[02:08:52] DEPRECATION WARNING: please use MorganGenerator
[02:08:52] DEPRECATION WARNING: please use MorganGenerator
[02:08:52] DEPRECATION WARNING: please use MorganGenerator
[02:08:52] DEPRECATION WARNING: please use MorganGenerator
[02:08:52] DEPRECATION WARNING: please use MorganGenerator
[02:08:52] DEPRECATION WARNING: please use MorganGenerator
[02:08:52] DEPRECATION WARNING: please use MorganGenerator
[02:08:52] DEPRECATION WARNING: please use MorganGenerator
[02:08:52] DEPRECATION WARNING: please use MorganGenerator
[02:08:52] DEPRECATION WARNING: please use MorganGenerator
[02:08:52] DEPRECATION WARNING: please use MorganGenerator
[02:08:52] DEPRECATION WARNING: please use MorganGenerator
[02:08:52] DEPRECATION WARNING: please use MorganGenerator
[02:08:52] DEPRECATION WARNING: please use MorganGenerator
[02:08:52] DEPRECATION WARNING: please use MorganGenerator
[02:08:52] DEPRECATION WARNING: please use MorganGenerator
[02:08:52] DEPRECATION WARNING: please use MorganGenerator
[02:08:52] DEPRECATION WARNING: please use MorganGenerator
[02:08:52] DEPRECATION WARNING: please use MorganGenerator
[02:08:52] DEPRECATION WARNING: please use MorganGenerator
[02:08:52] DEPRECATION WARNING: please use MorganGenerator
[02:08:52] DEPRECATION WARNING: please use MorganGenerator
[02:08:52] DEPRECATION WARNING: please use MorganGenerator
[02:08:52] DEPRECATION WARNING: please use MorganGenerator
[02:08:52] DEPRECATION WARNING: please use MorganGenerator
[02:08:52] DEPRECATION WARNING: please use MorganGenerator
[02:08:52] DEPRECATION WARNING: please use MorganGenerator
[02:08:52] DEPRECATION WARNING: please use MorganGenerator
[02:08:52] DEPRECATION WARNING: please use MorganGenerator
[02:08:52] DEPRECATION WARNING: please use MorganGenerator
[02:08:52] DEPRECATION WARNING: please use MorganGenerator
[02:08:52] DEPRECATION WARNING: please use MorganGenerator
[02:08:52] DEPRECATION WARNING: please use MorganGenerator
[02:08:52] DEPRECATION WARNING: please use MorganGenerator
[02:08:52] DEPRECATION WARNING: please use MorganGenerator
[02:08:52] DEPRECATION WARNING: please use MorganGenerator
[02:08:52] DEPRECATION WARNING: please use MorganGenerator
[02:08:52] DEPRECATION WARNING: please use MorganGenerator
[02:08:52] DEPRECATION WARNING: please use MorganGenerator
[02:08:52] DEPRECATION WARNING: please use MorganGenerator
[02:08:52] DEPRECATION WARNING: please use MorganGenerator
[02:08:52] DEPRECATION WARNING: please use MorganGenerator
[02:08:52] DEPRECATION WARNING: please use MorganGenerator
[02:08:52] DEPRECATION WARNING: please use MorganGenerator
[02:08:52] DEPRECATION WARNING: please use MorganGenerator
[02:08:52] DEPRECATION WARNING: please use MorganGenerator
[02:08:52] DEPRECATION WARNING: please use MorganGenerator
[02:08:52] DEPRECATION WARNING: please use MorganGenerator
[02:08:52] DEPRECATION WARNING: please use MorganGenerator
[02:08:52] DEPRECATION WARNING: please use MorganGenerator
[02:08:52] DEPRECATION WARNING: please use MorganGenerator
[02:08:52] DEPRECATION WARNING: please use MorganGenerator
[02:08:52] DEPRECATION WARNING: please use MorganGenerator
[02:08:52] DEPRECATION WARNING: please use MorganGenerator
[02:08:52] DEPRECATION WARNING: please use MorganGenerator
[02:08:52] DEPRECATION WARNING: please use MorganGenerator
[02:08:52] DEPRECATION WARNING: please use MorganGenerator
[02:08:52] DEPRECATION WARNING: please use MorganGenerator
Generating Features:  14%|█▍        | 283/2039 [00:00<00:01, 922.42it/s][02:08:52] DEPRECATION WARNING: please use MorganGenerator
[02:08:52] DEPRECATION WARNING: please use MorganGenerator
[02:08:52] DEPRECATION WARNING: please use MorganGenerator
[02:08:52] DEPRECATION WARNING: please use MorganGenerator
[02:08:52] DEPRECATION WARNING: please use MorganGenerator
[02:08:52] DEPRECATION WARNING: please use MorganGenerator
[02:08:52] DEPRECATION WARNING: please use MorganGenerator
[02:08:52] DEPRECATION WARNING: please use MorganGenerator
[02:08:52] DEPRECATION WARNING: please use MorganGenerator
[02:08:52] DEPRECATION WARNING: please use MorganGenerator
[02:08:52] DEPRECATION WARNING: please use MorganGenerator
[02:08:52] DEPRECATION WARNING: please use MorganGenerator
[02:08:52] DEPRECATION WARNING: please use MorganGenerator
[02:08:52] DEPRECATION WARNING: please use MorganGenerator
[02:08:52] DEPRECATION WARNING: please use MorganGenerator
[02:08:52] DEPRECATION WARNING: please use MorganGenerator
[02:08:52] DEPRECATION WARNING: please use MorganGenerator
[02:08:52] DEPRECATION WARNING: please use MorganGenerator
[02:08:52] DEPRECATION WARNING: please use MorganGenerator
[02:08:52] DEPRECATION WARNING: please use MorganGenerator
[02:08:52] DEPRECATION WARNING: please use MorganGenerator
[02:08:52] DEPRECATION WARNING: please use MorganGenerator
[02:08:52] DEPRECATION WARNING: please use MorganGenerator
[02:08:52] DEPRECATION WARNING: please use MorganGenerator
[02:08:52] WARNING: not removing hydrogen atom without neighbors
[02:08:52] WARNING: not removing hydrogen atom without neighbors
[02:08:52] WARNING: not removing hydrogen atom without neighbors
[02:08:52] DEPRECATION WARNING: please use MorganGenerator
[02:08:52] DEPRECATION WARNING: please use MorganGenerator
[02:08:52] DEPRECATION WARNING: please use MorganGenerator
[02:08:52] DEPRECATION WARNING: please use MorganGenerator
[02:08:52] DEPRECATION WARNING: please use MorganGenerator
[02:08:52] DEPRECATION WARNING: please use MorganGenerator
[02:08:52] DEPRECATION WARNING: please use MorganGenerator
[02:08:52] DEPRECATION WARNING: please use MorganGenerator
[02:08:52] DEPRECATION WARNING: please use MorganGenerator
[02:08:52] DEPRECATION WARNING: please use MorganGenerator
[02:08:52] DEPRECATION WARNING: please use MorganGenerator
[02:08:52] DEPRECATION WARNING: please use MorganGenerator
[02:08:52] DEPRECATION WARNING: please use MorganGenerator
[02:08:52] DEPRECATION WARNING: please use MorganGenerator
[02:08:52] DEPRECATION WARNING: please use MorganGenerator
[02:08:52] DEPRECATION WARNING: please use MorganGenerator
[02:08:52] DEPRECATION WARNING: please use MorganGenerator
[02:08:52] DEPRECATION WARNING: please use MorganGenerator
[02:08:52] DEPRECATION WARNING: please use MorganGenerator
[02:08:52] DEPRECATION WARNING: please use MorganGenerator
[02:08:52] DEPRECATION WARNING: please use MorganGenerator
[02:08:52] DEPRECATION WARNING: please use MorganGenerator
[02:08:52] DEPRECATION WARNING: please use MorganGenerator
[02:08:52] DEPRECATION WARNING: please use MorganGenerator
[02:08:52] DEPRECATION WARNING: please use MorganGenerator
[02:08:52] DEPRECATION WARNING: please use MorganGenerator
[02:08:52] DEPRECATION WARNING: please use MorganGenerator
[02:08:52] DEPRECATION WARNING: please use MorganGenerator
[02:08:52] DEPRECATION WARNING: please use MorganGenerator
[02:08:52] DEPRECATION WARNING: please use MorganGenerator
[02:08:52] DEPRECATION WARNING: please use MorganGenerator
[02:08:52] DEPRECATION WARNING: please use MorganGenerator
[02:08:52] DEPRECATION WARNING: please use MorganGenerator
[02:08:52] DEPRECATION WARNING: please use MorganGenerator
[02:08:52] DEPRECATION WARNING: please use MorganGenerator
[02:08:52] DEPRECATION WARNING: please use MorganGenerator
[02:08:52] DEPRECATION WARNING: please use MorganGenerator
[02:08:52] DEPRECATION WARNING: please use MorganGenerator
[02:08:52] DEPRECATION WARNING: please use MorganGenerator
[02:08:52] DEPRECATION WARNING: please use MorganGenerator
[02:08:52] DEPRECATION WARNING: please use MorganGenerator
[02:08:52] DEPRECATION WARNING: please use MorganGenerator
[02:08:52] DEPRECATION WARNING: please use MorganGenerator
[02:08:52] DEPRECATION WARNING: please use MorganGenerator
[02:08:52] DEPRECATION WARNING: please use MorganGenerator
[02:08:52] DEPRECATION WARNING: please use MorganGenerator
[02:08:52] DEPRECATION WARNING: please use MorganGenerator
[02:08:52] DEPRECATION WARNING: please use MorganGenerator
[02:08:52] DEPRECATION WARNING: please use MorganGenerator
[02:08:52] DEPRECATION WARNING: please use MorganGenerator
[02:08:52] DEPRECATION WARNING: please use MorganGenerator
[02:08:52] DEPRECATION WARNING: please use MorganGenerator
[02:08:52] DEPRECATION WARNING: please use MorganGenerator
[02:08:52] DEPRECATION WARNING: please use MorganGenerator
[02:08:52] DEPRECATION WARNING: please use MorganGenerator
[02:08:52] DEPRECATION WARNING: please use MorganGenerator
[02:08:52] DEPRECATION WARNING: please use MorganGenerator
[02:08:52] DEPRECATION WARNING: please use MorganGenerator
[02:08:52] DEPRECATION WARNING: please use MorganGenerator
[02:08:52] DEPRECATION WARNING: please use MorganGenerator
[02:08:52] DEPRECATION WARNING: please use MorganGenerator
[02:08:52] DEPRECATION WARNING: please use MorganGenerator
[02:08:52] DEPRECATION WARNING: please use MorganGenerator
[02:08:52] DEPRECATION WARNING: please use MorganGenerator
[02:08:52] DEPRECATION WARNING: please use MorganGenerator
[02:08:52] DEPRECATION WARNING: please use MorganGenerator
[02:08:52] DEPRECATION WARNING: please use MorganGenerator
[02:08:52] DEPRECATION WARNING: please use MorganGenerator
[02:08:52] DEPRECATION WARNING: please use MorganGenerator
[02:08:52] DEPRECATION WARNING: please use MorganGenerator
[02:08:52] DEPRECATION WARNING: please use MorganGenerator
Generating Features:  19%|█▊        | 378/2039 [00:00<00:01, 931.50it/s][02:08:52] DEPRECATION WARNING: please use MorganGenerator
[02:08:52] DEPRECATION WARNING: please use MorganGenerator
[02:08:52] DEPRECATION WARNING: please use MorganGenerator
[02:08:52] DEPRECATION WARNING: please use MorganGenerator
[02:08:52] DEPRECATION WARNING: please use MorganGenerator
[02:08:52] DEPRECATION WARNING: please use MorganGenerator
[02:08:52] DEPRECATION WARNING: please use MorganGenerator
[02:08:52] DEPRECATION WARNING: please use MorganGenerator
[02:08:52] DEPRECATION WARNING: please use MorganGenerator
[02:08:52] DEPRECATION WARNING: please use MorganGenerator
[02:08:52] DEPRECATION WARNING: please use MorganGenerator
[02:08:52] DEPRECATION WARNING: please use MorganGenerator
[02:08:52] DEPRECATION WARNING: please use MorganGenerator
[02:08:52] DEPRECATION WARNING: please use MorganGenerator
[02:08:52] DEPRECATION WARNING: please use MorganGenerator
[02:08:52] DEPRECATION WARNING: please use MorganGenerator
[02:08:52] DEPRECATION WARNING: please use MorganGenerator
[02:08:52] DEPRECATION WARNING: please use MorganGenerator
[02:08:52] DEPRECATION WARNING: please use MorganGenerator
[02:08:52] DEPRECATION WARNING: please use MorganGenerator
[02:08:52] DEPRECATION WARNING: please use MorganGenerator
[02:08:52] DEPRECATION WARNING: please use MorganGenerator
[02:08:52] DEPRECATION WARNING: please use MorganGenerator
[02:08:52] DEPRECATION WARNING: please use MorganGenerator
[02:08:52] DEPRECATION WARNING: please use MorganGenerator
[02:08:52] DEPRECATION WARNING: please use MorganGenerator
[02:08:52] DEPRECATION WARNING: please use MorganGenerator
[02:08:52] DEPRECATION WARNING: please use MorganGenerator
[02:08:52] DEPRECATION WARNING: please use MorganGenerator
[02:08:52] DEPRECATION WARNING: please use MorganGenerator
[02:08:52] DEPRECATION WARNING: please use MorganGenerator
[02:08:52] DEPRECATION WARNING: please use MorganGenerator
[02:08:52] DEPRECATION WARNING: please use MorganGenerator
[02:08:52] DEPRECATION WARNING: please use MorganGenerator
[02:08:52] DEPRECATION WARNING: please use MorganGenerator
[02:08:52] DEPRECATION WARNING: please use MorganGenerator
[02:08:52] DEPRECATION WARNING: please use MorganGenerator
[02:08:52] DEPRECATION WARNING: please use MorganGenerator
[02:08:52] DEPRECATION WARNING: please use MorganGenerator
[02:08:52] DEPRECATION WARNING: please use MorganGenerator
[02:08:52] DEPRECATION WARNING: please use MorganGenerator
[02:08:52] DEPRECATION WARNING: please use MorganGenerator
[02:08:52] DEPRECATION WARNING: please use MorganGenerator
[02:08:52] DEPRECATION WARNING: please use MorganGenerator
[02:08:52] DEPRECATION WARNING: please use MorganGenerator
[02:08:52] DEPRECATION WARNING: please use MorganGenerator
[02:08:52] DEPRECATION WARNING: please use MorganGenerator
[02:08:52] DEPRECATION WARNING: please use MorganGenerator
[02:08:52] DEPRECATION WARNING: please use MorganGenerator
[02:08:52] DEPRECATION WARNING: please use MorganGenerator
[02:08:52] DEPRECATION WARNING: please use MorganGenerator
[02:08:52] DEPRECATION WARNING: please use MorganGenerator
[02:08:52] DEPRECATION WARNING: please use MorganGenerator
[02:08:52] DEPRECATION WARNING: please use MorganGenerator
[02:08:52] DEPRECATION WARNING: please use MorganGenerator
[02:08:52] DEPRECATION WARNING: please use MorganGenerator
[02:08:52] DEPRECATION WARNING: please use MorganGenerator
[02:08:52] DEPRECATION WARNING: please use MorganGenerator
[02:08:52] DEPRECATION WARNING: please use MorganGenerator
[02:08:52] DEPRECATION WARNING: please use MorganGenerator
[02:08:52] DEPRECATION WARNING: please use MorganGenerator
[02:08:52] DEPRECATION WARNING: please use MorganGenerator
[02:08:52] DEPRECATION WARNING: please use MorganGenerator
[02:08:52] DEPRECATION WARNING: please use MorganGenerator
[02:08:52] DEPRECATION WARNING: please use MorganGenerator
[02:08:52] DEPRECATION WARNING: please use MorganGenerator
[02:08:52] DEPRECATION WARNING: please use MorganGenerator
[02:08:52] DEPRECATION WARNING: please use MorganGenerator
[02:08:52] DEPRECATION WARNING: please use MorganGenerator
[02:08:52] WARNING: not removing hydrogen atom without neighbors
[02:08:52] DEPRECATION WARNING: please use MorganGenerator
[02:08:52] DEPRECATION WARNING: please use MorganGenerator
[02:08:52] DEPRECATION WARNING: please use MorganGenerator
[02:08:52] DEPRECATION WARNING: please use MorganGenerator
[02:08:52] DEPRECATION WARNING: please use MorganGenerator
[02:08:52] DEPRECATION WARNING: please use MorganGenerator
[02:08:52] DEPRECATION WARNING: please use MorganGenerator
[02:08:52] DEPRECATION WARNING: please use MorganGenerator
[02:08:52] DEPRECATION WARNING: please use MorganGenerator
[02:08:52] DEPRECATION WARNING: please use MorganGenerator
[02:08:52] DEPRECATION WARNING: please use MorganGenerator
[02:08:52] DEPRECATION WARNING: please use MorganGenerator
[02:08:52] DEPRECATION WARNING: please use MorganGenerator
[02:08:52] DEPRECATION WARNING: please use MorganGenerator
[02:08:52] DEPRECATION WARNING: please use MorganGenerator
[02:08:52] DEPRECATION WARNING: please use MorganGenerator
[02:08:52] DEPRECATION WARNING: please use MorganGenerator
[02:08:52] DEPRECATION WARNING: please use MorganGenerator
[02:08:52] DEPRECATION WARNING: please use MorganGenerator
[02:08:52] DEPRECATION WARNING: please use MorganGenerator
[02:08:52] DEPRECATION WARNING: please use MorganGenerator
[02:08:52] DEPRECATION WARNING: please use MorganGenerator
[02:08:52] DEPRECATION WARNING: please use MorganGenerator
[02:08:52] DEPRECATION WARNING: please use MorganGenerator
[02:08:52] WARNING: not removing hydrogen atom without neighbors
[02:08:52] DEPRECATION WARNING: please use MorganGenerator
[02:08:52] DEPRECATION WARNING: please use MorganGenerator
[02:08:52] DEPRECATION WARNING: please use MorganGenerator
[02:08:52] DEPRECATION WARNING: please use MorganGenerator
[02:08:52] DEPRECATION WARNING: please use MorganGenerator
[02:08:52] DEPRECATION WARNING: please use MorganGenerator
[02:08:52] DEPRECATION WARNING: please use MorganGenerator
[02:08:52] DEPRECATION WARNING: please use MorganGenerator
[02:08:52] DEPRECATION WARNING: please use MorganGenerator
[02:08:52] DEPRECATION WARNING: please use MorganGenerator
[02:08:52] DEPRECATION WARNING: please use MorganGenerator
[02:08:52] DEPRECATION WARNING: please use MorganGenerator
[02:08:52] DEPRECATION WARNING: please use MorganGenerator
[02:08:52] DEPRECATION WARNING: please use MorganGenerator
[02:08:52] DEPRECATION WARNING: please use MorganGenerator
[02:08:52] DEPRECATION WARNING: please use MorganGenerator
[02:08:52] DEPRECATION WARNING: please use MorganGenerator
[02:08:52] DEPRECATION WARNING: please use MorganGenerator
[02:08:52] DEPRECATION WARNING: please use MorganGenerator
[02:08:52] DEPRECATION WARNING: please use MorganGenerator
[02:08:52] DEPRECATION WARNING: please use MorganGenerator
[02:08:52] DEPRECATION WARNING: please use MorganGenerator
Generating Features:  24%|██▍       | 493/2039 [00:00<00:01, 1008.33it/s][02:08:52] DEPRECATION WARNING: please use MorganGenerator
[02:08:52] DEPRECATION WARNING: please use MorganGenerator
[02:08:52] DEPRECATION WARNING: please use MorganGenerator
[02:08:52] DEPRECATION WARNING: please use MorganGenerator
[02:08:52] DEPRECATION WARNING: please use MorganGenerator
[02:08:52] DEPRECATION WARNING: please use MorganGenerator
[02:08:52] DEPRECATION WARNING: please use MorganGenerator
[02:08:52] DEPRECATION WARNING: please use MorganGenerator
[02:08:52] DEPRECATION WARNING: please use MorganGenerator
[02:08:52] DEPRECATION WARNING: please use MorganGenerator
[02:08:52] DEPRECATION WARNING: please use MorganGenerator
[02:08:52] DEPRECATION WARNING: please use MorganGenerator
[02:08:52] DEPRECATION WARNING: please use MorganGenerator
[02:08:52] DEPRECATION WARNING: please use MorganGenerator
[02:08:52] DEPRECATION WARNING: please use MorganGenerator
[02:08:52] DEPRECATION WARNING: please use MorganGenerator
[02:08:52] DEPRECATION WARNING: please use MorganGenerator
[02:08:52] DEPRECATION WARNING: please use MorganGenerator
[02:08:52] DEPRECATION WARNING: please use MorganGenerator
[02:08:52] DEPRECATION WARNING: please use MorganGenerator
[02:08:52] DEPRECATION WARNING: please use MorganGenerator
[02:08:52] DEPRECATION WARNING: please use MorganGenerator
[02:08:52] DEPRECATION WARNING: please use MorganGenerator
[02:08:52] DEPRECATION WARNING: please use MorganGenerator
[02:08:52] DEPRECATION WARNING: please use MorganGenerator
[02:08:52] DEPRECATION WARNING: please use MorganGenerator
[02:08:52] DEPRECATION WARNING: please use MorganGenerator
[02:08:52] DEPRECATION WARNING: please use MorganGenerator
[02:08:52] DEPRECATION WARNING: please use MorganGenerator
[02:08:52] DEPRECATION WARNING: please use MorganGenerator
[02:08:52] DEPRECATION WARNING: please use MorganGenerator
[02:08:52] DEPRECATION WARNING: please use MorganGenerator
[02:08:52] DEPRECATION WARNING: please use MorganGenerator
[02:08:52] DEPRECATION WARNING: please use MorganGenerator
[02:08:52] DEPRECATION WARNING: please use MorganGenerator
[02:08:52] DEPRECATION WARNING: please use MorganGenerator
[02:08:52] DEPRECATION WARNING: please use MorganGenerator
[02:08:52] DEPRECATION WARNING: please use MorganGenerator
[02:08:52] DEPRECATION WARNING: please use MorganGenerator
[02:08:52] DEPRECATION WARNING: please use MorganGenerator
[02:08:52] DEPRECATION WARNING: please use MorganGenerator
[02:08:52] DEPRECATION WARNING: please use MorganGenerator
[02:08:52] DEPRECATION WARNING: please use MorganGenerator
[02:08:52] DEPRECATION WARNING: please use MorganGenerator
[02:08:52] DEPRECATION WARNING: please use MorganGenerator
[02:08:52] DEPRECATION WARNING: please use MorganGenerator
[02:08:52] DEPRECATION WARNING: please use MorganGenerator
[02:08:52] DEPRECATION WARNING: please use MorganGenerator
[02:08:52] DEPRECATION WARNING: please use MorganGenerator
[02:08:52] DEPRECATION WARNING: please use MorganGenerator
[02:08:52] DEPRECATION WARNING: please use MorganGenerator
[02:08:52] DEPRECATION WARNING: please use MorganGenerator
[02:08:52] DEPRECATION WARNING: please use MorganGenerator
[02:08:52] DEPRECATION WARNING: please use MorganGenerator
[02:08:52] DEPRECATION WARNING: please use MorganGenerator
[02:08:52] DEPRECATION WARNING: please use MorganGenerator
[02:08:52] DEPRECATION WARNING: please use MorganGenerator
[02:08:52] DEPRECATION WARNING: please use MorganGenerator
[02:08:52] DEPRECATION WARNING: please use MorganGenerator
[02:08:52] DEPRECATION WARNING: please use MorganGenerator
[02:08:52] DEPRECATION WARNING: please use MorganGenerator
[02:08:52] DEPRECATION WARNING: please use MorganGenerator
[02:08:52] DEPRECATION WARNING: please use MorganGenerator
[02:08:52] DEPRECATION WARNING: please use MorganGenerator
[02:08:52] WARNING: not removing hydrogen atom without neighbors
[02:08:52] DEPRECATION WARNING: please use MorganGenerator
[02:08:52] DEPRECATION WARNING: please use MorganGenerator
[02:08:52] DEPRECATION WARNING: please use MorganGenerator
[02:08:52] DEPRECATION WARNING: please use MorganGenerator
[02:08:52] DEPRECATION WARNING: please use MorganGenerator
[02:08:52] DEPRECATION WARNING: please use MorganGenerator
[02:08:52] DEPRECATION WARNING: please use MorganGenerator
[02:08:52] DEPRECATION WARNING: please use MorganGenerator
[02:08:52] DEPRECATION WARNING: please use MorganGenerator
[02:08:52] DEPRECATION WARNING: please use MorganGenerator
[02:08:52] DEPRECATION WARNING: please use MorganGenerator
[02:08:52] DEPRECATION WARNING: please use MorganGenerator
[02:08:52] DEPRECATION WARNING: please use MorganGenerator
[02:08:52] DEPRECATION WARNING: please use MorganGenerator
[02:08:52] DEPRECATION WARNING: please use MorganGenerator
[02:08:52] DEPRECATION WARNING: please use MorganGenerator
[02:08:52] DEPRECATION WARNING: please use MorganGenerator
[02:08:52] DEPRECATION WARNING: please use MorganGenerator
[02:08:52] DEPRECATION WARNING: please use MorganGenerator
[02:08:52] DEPRECATION WARNING: please use MorganGenerator
[02:08:52] DEPRECATION WARNING: please use MorganGenerator
[02:08:52] DEPRECATION WARNING: please use MorganGenerator
[02:08:52] DEPRECATION WARNING: please use MorganGenerator
[02:08:52] DEPRECATION WARNING: please use MorganGenerator
[02:08:52] DEPRECATION WARNING: please use MorganGenerator
[02:08:52] DEPRECATION WARNING: please use MorganGenerator
[02:08:52] DEPRECATION WARNING: please use MorganGenerator
[02:08:52] DEPRECATION WARNING: please use MorganGenerator
[02:08:52] DEPRECATION WARNING: please use MorganGenerator
[02:08:52] DEPRECATION WARNING: please use MorganGenerator
[02:08:52] DEPRECATION WARNING: please use MorganGenerator
[02:08:52] DEPRECATION WARNING: please use MorganGenerator
[02:08:52] DEPRECATION WARNING: please use MorganGenerator
[02:08:52] DEPRECATION WARNING: please use MorganGenerator
[02:08:52] DEPRECATION WARNING: please use MorganGenerator
[02:08:52] DEPRECATION WARNING: please use MorganGenerator
[02:08:52] DEPRECATION WARNING: please use MorganGenerator
[02:08:52] DEPRECATION WARNING: please use MorganGenerator
[02:08:52] DEPRECATION WARNING: please use MorganGenerator
[02:08:52] DEPRECATION WARNING: please use MorganGenerator
[02:08:52] DEPRECATION WARNING: please use MorganGenerator
[02:08:52] DEPRECATION WARNING: please use MorganGenerator
Generating Features:  29%|██▉       | 599/2039 [00:00<00:01, 1023.85it/s][02:08:52] DEPRECATION WARNING: please use MorganGenerator
[02:08:52] DEPRECATION WARNING: please use MorganGenerator
[02:08:52] WARNING: not removing hydrogen atom without neighbors
[02:08:52] DEPRECATION WARNING: please use MorganGenerator
[02:08:52] DEPRECATION WARNING: please use MorganGenerator
[02:08:52] DEPRECATION WARNING: please use MorganGenerator
[02:08:52] DEPRECATION WARNING: please use MorganGenerator
[02:08:52] DEPRECATION WARNING: please use MorganGenerator
[02:08:52] DEPRECATION WARNING: please use MorganGenerator
[02:08:52] DEPRECATION WARNING: please use MorganGenerator
[02:08:52] DEPRECATION WARNING: please use MorganGenerator
[02:08:52] DEPRECATION WARNING: please use MorganGenerator
[02:08:52] DEPRECATION WARNING: please use MorganGenerator
[02:08:52] DEPRECATION WARNING: please use MorganGenerator
[02:08:52] DEPRECATION WARNING: please use MorganGenerator
[02:08:52] DEPRECATION WARNING: please use MorganGenerator
[02:08:52] DEPRECATION WARNING: please use MorganGenerator
[02:08:52] DEPRECATION WARNING: please use MorganGenerator
[02:08:52] DEPRECATION WARNING: please use MorganGenerator
[02:08:52] DEPRECATION WARNING: please use MorganGenerator
[02:08:52] DEPRECATION WARNING: please use MorganGenerator
[02:08:52] DEPRECATION WARNING: please use MorganGenerator
[02:08:52] DEPRECATION WARNING: please use MorganGenerator
[02:08:52] DEPRECATION WARNING: please use MorganGenerator
[02:08:52] DEPRECATION WARNING: please use MorganGenerator
[02:08:52] DEPRECATION WARNING: please use MorganGenerator
[02:08:52] DEPRECATION WARNING: please use MorganGenerator
[02:08:52] DEPRECATION WARNING: please use MorganGenerator
[02:08:52] DEPRECATION WARNING: please use MorganGenerator
[02:08:52] DEPRECATION WARNING: please use MorganGenerator
[02:08:52] DEPRECATION WARNING: please use MorganGenerator
[02:08:52] DEPRECATION WARNING: please use MorganGenerator
[02:08:52] DEPRECATION WARNING: please use MorganGenerator
[02:08:52] DEPRECATION WARNING: please use MorganGenerator
[02:08:52] DEPRECATION WARNING: please use MorganGenerator
[02:08:52] DEPRECATION WARNING: please use MorganGenerator
[02:08:52] DEPRECATION WARNING: please use MorganGenerator
[02:08:52] DEPRECATION WARNING: please use MorganGenerator
[02:08:52] DEPRECATION WARNING: please use MorganGenerator
[02:08:52] DEPRECATION WARNING: please use MorganGenerator
[02:08:52] DEPRECATION WARNING: please use MorganGenerator
[02:08:52] DEPRECATION WARNING: please use MorganGenerator
[02:08:52] DEPRECATION WARNING: please use MorganGenerator
[02:08:52] DEPRECATION WARNING: please use MorganGenerator
[02:08:52] DEPRECATION WARNING: please use MorganGenerator
[02:08:52] DEPRECATION WARNING: please use MorganGenerator
[02:08:52] DEPRECATION WARNING: please use MorganGenerator
[02:08:52] DEPRECATION WARNING: please use MorganGenerator
[02:08:52] DEPRECATION WARNING: please use MorganGenerator
[02:08:52] DEPRECATION WARNING: please use MorganGenerator
[02:08:52] WARNING: not removing hydrogen atom without neighbors
[02:08:52] WARNING: not removing hydrogen atom without neighbors
[02:08:52] DEPRECATION WARNING: please use MorganGenerator
[02:08:52] DEPRECATION WARNING: please use MorganGenerator
[02:08:52] DEPRECATION WARNING: please use MorganGenerator
[02:08:52] DEPRECATION WARNING: please use MorganGenerator
[02:08:52] DEPRECATION WARNING: please use MorganGenerator
[02:08:52] DEPRECATION WARNING: please use MorganGenerator
[02:08:52] DEPRECATION WARNING: please use MorganGenerator
[02:08:52] DEPRECATION WARNING: please use MorganGenerator
[02:08:52] DEPRECATION WARNING: please use MorganGenerator
[02:08:52] DEPRECATION WARNING: please use MorganGenerator
[02:08:52] DEPRECATION WARNING: please use MorganGenerator
[02:08:52] DEPRECATION WARNING: please use MorganGenerator
[02:08:52] DEPRECATION WARNING: please use MorganGenerator
[02:08:52] DEPRECATION WARNING: please use MorganGenerator
[02:08:52] DEPRECATION WARNING: please use MorganGenerator
[02:08:52] DEPRECATION WARNING: please use MorganGenerator
[02:08:52] DEPRECATION WARNING: please use MorganGenerator
[02:08:52] DEPRECATION WARNING: please use MorganGenerator
[02:08:52] DEPRECATION WARNING: please use MorganGenerator
[02:08:52] DEPRECATION WARNING: please use MorganGenerator
[02:08:52] DEPRECATION WARNING: please use MorganGenerator
[02:08:52] DEPRECATION WARNING: please use MorganGenerator
[02:08:52] DEPRECATION WARNING: please use MorganGenerator
[02:08:52] DEPRECATION WARNING: please use MorganGenerator
[02:08:52] DEPRECATION WARNING: please use MorganGenerator
[02:08:52] DEPRECATION WARNING: please use MorganGenerator
[02:08:52] DEPRECATION WARNING: please use MorganGenerator
[02:08:52] DEPRECATION WARNING: please use MorganGenerator
[02:08:52] DEPRECATION WARNING: please use MorganGenerator
[02:08:52] DEPRECATION WARNING: please use MorganGenerator
[02:08:52] DEPRECATION WARNING: please use MorganGenerator
[02:08:52] DEPRECATION WARNING: please use MorganGenerator
[02:08:52] DEPRECATION WARNING: please use MorganGenerator
[02:08:52] DEPRECATION WARNING: please use MorganGenerator
[02:08:52] DEPRECATION WARNING: please use MorganGenerator
[02:08:52] DEPRECATION WARNING: please use MorganGenerator
[02:08:52] DEPRECATION WARNING: please use MorganGenerator
[02:08:52] DEPRECATION WARNING: please use MorganGenerator
[02:08:52] DEPRECATION WARNING: please use MorganGenerator
[02:08:52] DEPRECATION WARNING: please use MorganGenerator
[02:08:52] DEPRECATION WARNING: please use MorganGenerator
[02:08:52] DEPRECATION WARNING: please use MorganGenerator
[02:08:52] DEPRECATION WARNING: please use MorganGenerator
[02:08:52] DEPRECATION WARNING: please use MorganGenerator
[02:08:52] DEPRECATION WARNING: please use MorganGenerator
[02:08:52] DEPRECATION WARNING: please use MorganGenerator
[02:08:52] DEPRECATION WARNING: please use MorganGenerator
[02:08:52] DEPRECATION WARNING: please use MorganGenerator
[02:08:52] DEPRECATION WARNING: please use MorganGenerator
[02:08:52] DEPRECATION WARNING: please use MorganGenerator
[02:08:52] DEPRECATION WARNING: please use MorganGenerator
[02:08:52] DEPRECATION WARNING: please use MorganGenerator
[02:08:52] DEPRECATION WARNING: please use MorganGenerator
[02:08:52] DEPRECATION WARNING: please use MorganGenerator
[02:08:52] DEPRECATION WARNING: please use MorganGenerator
[02:08:52] DEPRECATION WARNING: please use MorganGenerator
[02:08:52] DEPRECATION WARNING: please use MorganGenerator
[02:08:52] DEPRECATION WARNING: please use MorganGenerator
[02:08:52] DEPRECATION WARNING: please use MorganGenerator
Generating Features:  35%|███▍      | 707/2039 [00:00<00:01, 1039.88it/s][02:08:52] DEPRECATION WARNING: please use MorganGenerator
[02:08:52] DEPRECATION WARNING: please use MorganGenerator
[02:08:52] DEPRECATION WARNING: please use MorganGenerator
[02:08:52] DEPRECATION WARNING: please use MorganGenerator
[02:08:52] DEPRECATION WARNING: please use MorganGenerator
[02:08:52] DEPRECATION WARNING: please use MorganGenerator
[02:08:52] DEPRECATION WARNING: please use MorganGenerator
[02:08:52] DEPRECATION WARNING: please use MorganGenerator
[02:08:52] DEPRECATION WARNING: please use MorganGenerator
[02:08:52] DEPRECATION WARNING: please use MorganGenerator
[02:08:52] DEPRECATION WARNING: please use MorganGenerator
[02:08:52] DEPRECATION WARNING: please use MorganGenerator
[02:08:52] DEPRECATION WARNING: please use MorganGenerator
[02:08:52] DEPRECATION WARNING: please use MorganGenerator
[02:08:52] DEPRECATION WARNING: please use MorganGenerator
[02:08:52] DEPRECATION WARNING: please use MorganGenerator
[02:08:52] DEPRECATION WARNING: please use MorganGenerator
[02:08:52] WARNING: not removing hydrogen atom without neighbors
[02:08:52] DEPRECATION WARNING: please use MorganGenerator
[02:08:52] DEPRECATION WARNING: please use MorganGenerator
[02:08:52] DEPRECATION WARNING: please use MorganGenerator
[02:08:52] DEPRECATION WARNING: please use MorganGenerator
[02:08:52] DEPRECATION WARNING: please use MorganGenerator
[02:08:52] DEPRECATION WARNING: please use MorganGenerator
[02:08:52] DEPRECATION WARNING: please use MorganGenerator
[02:08:52] DEPRECATION WARNING: please use MorganGenerator
[02:08:52] DEPRECATION WARNING: please use MorganGenerator
[02:08:52] DEPRECATION WARNING: please use MorganGenerator
[02:08:52] DEPRECATION WARNING: please use MorganGenerator
[02:08:52] DEPRECATION WARNING: please use MorganGenerator
[02:08:52] DEPRECATION WARNING: please use MorganGenerator
[02:08:52] DEPRECATION WARNING: please use MorganGenerator
[02:08:52] DEPRECATION WARNING: please use MorganGenerator
[02:08:52] DEPRECATION WARNING: please use MorganGenerator
[02:08:52] DEPRECATION WARNING: please use MorganGenerator
[02:08:52] DEPRECATION WARNING: please use MorganGenerator
[02:08:52] DEPRECATION WARNING: please use MorganGenerator
[02:08:52] DEPRECATION WARNING: please use MorganGenerator
[02:08:52] DEPRECATION WARNING: please use MorganGenerator
[02:08:52] DEPRECATION WARNING: please use MorganGenerator
[02:08:52] DEPRECATION WARNING: please use MorganGenerator
[02:08:52] DEPRECATION WARNING: please use MorganGenerator
[02:08:52] DEPRECATION WARNING: please use MorganGenerator
[02:08:52] DEPRECATION WARNING: please use MorganGenerator
[02:08:52] DEPRECATION WARNING: please use MorganGenerator
[02:08:52] DEPRECATION WARNING: please use MorganGenerator
[02:08:52] DEPRECATION WARNING: please use MorganGenerator
[02:08:52] DEPRECATION WARNING: please use MorganGenerator
[02:08:52] DEPRECATION WARNING: please use MorganGenerator
[02:08:52] DEPRECATION WARNING: please use MorganGenerator
[02:08:52] DEPRECATION WARNING: please use MorganGenerator
[02:08:52] DEPRECATION WARNING: please use MorganGenerator
[02:08:52] DEPRECATION WARNING: please use MorganGenerator
[02:08:52] DEPRECATION WARNING: please use MorganGenerator
[02:08:52] DEPRECATION WARNING: please use MorganGenerator
[02:08:52] DEPRECATION WARNING: please use MorganGenerator
[02:08:52] DEPRECATION WARNING: please use MorganGenerator
[02:08:52] DEPRECATION WARNING: please use MorganGenerator
[02:08:52] DEPRECATION WARNING: please use MorganGenerator
[02:08:52] DEPRECATION WARNING: please use MorganGenerator
[02:08:52] DEPRECATION WARNING: please use MorganGenerator
[02:08:52] DEPRECATION WARNING: please use MorganGenerator
[02:08:52] DEPRECATION WARNING: please use MorganGenerator
[02:08:52] DEPRECATION WARNING: please use MorganGenerator
[02:08:52] DEPRECATION WARNING: please use MorganGenerator
[02:08:52] DEPRECATION WARNING: please use MorganGenerator
[02:08:52] DEPRECATION WARNING: please use MorganGenerator
[02:08:52] DEPRECATION WARNING: please use MorganGenerator
[02:08:52] DEPRECATION WARNING: please use MorganGenerator
[02:08:52] DEPRECATION WARNING: please use MorganGenerator
[02:08:52] DEPRECATION WARNING: please use MorganGenerator
[02:08:52] DEPRECATION WARNING: please use MorganGenerator
[02:08:52] DEPRECATION WARNING: please use MorganGenerator
[02:08:52] DEPRECATION WARNING: please use MorganGenerator
[02:08:52] DEPRECATION WARNING: please use MorganGenerator
[02:08:52] DEPRECATION WARNING: please use MorganGenerator
[02:08:52] DEPRECATION WARNING: please use MorganGenerator
[02:08:52] DEPRECATION WARNING: please use MorganGenerator
[02:08:52] DEPRECATION WARNING: please use MorganGenerator
[02:08:52] DEPRECATION WARNING: please use MorganGenerator
[02:08:52] DEPRECATION WARNING: please use MorganGenerator
[02:08:52] DEPRECATION WARNING: please use MorganGenerator
[02:08:52] DEPRECATION WARNING: please use MorganGenerator
[02:08:52] DEPRECATION WARNING: please use MorganGenerator
[02:08:52] DEPRECATION WARNING: please use MorganGenerator
[02:08:52] DEPRECATION WARNING: please use MorganGenerator
[02:08:52] DEPRECATION WARNING: please use MorganGenerator
[02:08:52] DEPRECATION WARNING: please use MorganGenerator
[02:08:52] DEPRECATION WARNING: please use MorganGenerator
[02:08:52] DEPRECATION WARNING: please use MorganGenerator
[02:08:52] DEPRECATION WARNING: please use MorganGenerator
[02:08:52] DEPRECATION WARNING: please use MorganGenerator
[02:08:52] DEPRECATION WARNING: please use MorganGenerator
[02:08:52] DEPRECATION WARNING: please use MorganGenerator
[02:08:52] DEPRECATION WARNING: please use MorganGenerator
[02:08:52] DEPRECATION WARNING: please use MorganGenerator
[02:08:52] DEPRECATION WARNING: please use MorganGenerator
[02:08:52] DEPRECATION WARNING: please use MorganGenerator
[02:08:52] DEPRECATION WARNING: please use MorganGenerator
[02:08:52] DEPRECATION WARNING: please use MorganGenerator
[02:08:52] DEPRECATION WARNING: please use MorganGenerator
[02:08:52] DEPRECATION WARNING: please use MorganGenerator
[02:08:52] DEPRECATION WARNING: please use MorganGenerator
[02:08:52] DEPRECATION WARNING: please use MorganGenerator
[02:08:52] DEPRECATION WARNING: please use MorganGenerator
[02:08:52] DEPRECATION WARNING: please use MorganGenerator
Generating Features:  40%|███▉      | 812/2039 [00:00<00:01, 942.57it/s] [02:08:52] DEPRECATION WARNING: please use MorganGenerator
[02:08:52] DEPRECATION WARNING: please use MorganGenerator
[02:08:52] DEPRECATION WARNING: please use MorganGenerator
[02:08:52] DEPRECATION WARNING: please use MorganGenerator
[02:08:52] DEPRECATION WARNING: please use MorganGenerator
[02:08:52] DEPRECATION WARNING: please use MorganGenerator
[02:08:52] DEPRECATION WARNING: please use MorganGenerator
[02:08:52] DEPRECATION WARNING: please use MorganGenerator
[02:08:52] DEPRECATION WARNING: please use MorganGenerator
[02:08:52] DEPRECATION WARNING: please use MorganGenerator
[02:08:52] DEPRECATION WARNING: please use MorganGenerator
[02:08:52] DEPRECATION WARNING: please use MorganGenerator
[02:08:52] DEPRECATION WARNING: please use MorganGenerator
[02:08:52] DEPRECATION WARNING: please use MorganGenerator
[02:08:52] DEPRECATION WARNING: please use MorganGenerator
[02:08:52] DEPRECATION WARNING: please use MorganGenerator
[02:08:52] DEPRECATION WARNING: please use MorganGenerator
[02:08:52] DEPRECATION WARNING: please use MorganGenerator
[02:08:52] DEPRECATION WARNING: please use MorganGenerator
[02:08:52] DEPRECATION WARNING: please use MorganGenerator
[02:08:52] DEPRECATION WARNING: please use MorganGenerator
[02:08:52] DEPRECATION WARNING: please use MorganGenerator
[02:08:52] DEPRECATION WARNING: please use MorganGenerator
[02:08:52] DEPRECATION WARNING: please use MorganGenerator
[02:08:52] DEPRECATION WARNING: please use MorganGenerator
[02:08:52] DEPRECATION WARNING: please use MorganGenerator
[02:08:52] DEPRECATION WARNING: please use MorganGenerator
[02:08:52] DEPRECATION WARNING: please use MorganGenerator
[02:08:52] DEPRECATION WARNING: please use MorganGenerator
[02:08:52] DEPRECATION WARNING: please use MorganGenerator
[02:08:52] DEPRECATION WARNING: please use MorganGenerator
[02:08:52] DEPRECATION WARNING: please use MorganGenerator
[02:08:52] DEPRECATION WARNING: please use MorganGenerator
[02:08:52] DEPRECATION WARNING: please use MorganGenerator
[02:08:52] DEPRECATION WARNING: please use MorganGenerator
[02:08:52] DEPRECATION WARNING: please use MorganGenerator
[02:08:52] DEPRECATION WARNING: please use MorganGenerator
[02:08:52] DEPRECATION WARNING: please use MorganGenerator
[02:08:52] DEPRECATION WARNING: please use MorganGenerator
[02:08:52] WARNING: not removing hydrogen atom without neighbors
[02:08:52] DEPRECATION WARNING: please use MorganGenerator
[02:08:52] DEPRECATION WARNING: please use MorganGenerator
[02:08:52] DEPRECATION WARNING: please use MorganGenerator
[02:08:52] DEPRECATION WARNING: please use MorganGenerator
[02:08:52] DEPRECATION WARNING: please use MorganGenerator
[02:08:52] DEPRECATION WARNING: please use MorganGenerator
[02:08:52] DEPRECATION WARNING: please use MorganGenerator
[02:08:52] DEPRECATION WARNING: please use MorganGenerator
[02:08:52] DEPRECATION WARNING: please use MorganGenerator
[02:08:52] DEPRECATION WARNING: please use MorganGenerator
[02:08:52] DEPRECATION WARNING: please use MorganGenerator
[02:08:52] DEPRECATION WARNING: please use MorganGenerator
[02:08:52] DEPRECATION WARNING: please use MorganGenerator
[02:08:52] DEPRECATION WARNING: please use MorganGenerator
[02:08:52] DEPRECATION WARNING: please use MorganGenerator
[02:08:52] DEPRECATION WARNING: please use MorganGenerator
[02:08:52] DEPRECATION WARNING: please use MorganGenerator
[02:08:52] DEPRECATION WARNING: please use MorganGenerator
[02:08:52] DEPRECATION WARNING: please use MorganGenerator
[02:08:52] DEPRECATION WARNING: please use MorganGenerator
[02:08:52] DEPRECATION WARNING: please use MorganGenerator
[02:08:52] DEPRECATION WARNING: please use MorganGenerator
[02:08:52] DEPRECATION WARNING: please use MorganGenerator
[02:08:52] DEPRECATION WARNING: please use MorganGenerator
[02:08:52] DEPRECATION WARNING: please use MorganGenerator
[02:08:52] DEPRECATION WARNING: please use MorganGenerator
[02:08:52] DEPRECATION WARNING: please use MorganGenerator
[02:08:52] DEPRECATION WARNING: please use MorganGenerator
[02:08:52] DEPRECATION WARNING: please use MorganGenerator
[02:08:52] DEPRECATION WARNING: please use MorganGenerator
[02:08:52] DEPRECATION WARNING: please use MorganGenerator
[02:08:52] DEPRECATION WARNING: please use MorganGenerator
[02:08:52] DEPRECATION WARNING: please use MorganGenerator
[02:08:52] DEPRECATION WARNING: please use MorganGenerator
[02:08:52] DEPRECATION WARNING: please use MorganGenerator
[02:08:52] DEPRECATION WARNING: please use MorganGenerator
[02:08:52] DEPRECATION WARNING: please use MorganGenerator
[02:08:52] DEPRECATION WARNING: please use MorganGenerator
[02:08:52] DEPRECATION WARNING: please use MorganGenerator
[02:08:52] DEPRECATION WARNING: please use MorganGenerator
[02:08:52] DEPRECATION WARNING: please use MorganGenerator
[02:08:52] DEPRECATION WARNING: please use MorganGenerator
[02:08:52] DEPRECATION WARNING: please use MorganGenerator
[02:08:52] DEPRECATION WARNING: please use MorganGenerator
[02:08:52] DEPRECATION WARNING: please use MorganGenerator
[02:08:52] DEPRECATION WARNING: please use MorganGenerator
[02:08:52] DEPRECATION WARNING: please use MorganGenerator
[02:08:52] DEPRECATION WARNING: please use MorganGenerator
[02:08:52] DEPRECATION WARNING: please use MorganGenerator
[02:08:52] DEPRECATION WARNING: please use MorganGenerator
[02:08:52] DEPRECATION WARNING: please use MorganGenerator
[02:08:52] DEPRECATION WARNING: please use MorganGenerator
[02:08:52] DEPRECATION WARNING: please use MorganGenerator
[02:08:52] DEPRECATION WARNING: please use MorganGenerator
[02:08:52] DEPRECATION WARNING: please use MorganGenerator
[02:08:52] DEPRECATION WARNING: please use MorganGenerator
[02:08:52] DEPRECATION WARNING: please use MorganGenerator
Generating Features:  45%|████▍     | 908/2039 [00:00<00:01, 817.24it/s][02:08:52] DEPRECATION WARNING: please use MorganGenerator
[02:08:52] DEPRECATION WARNING: please use MorganGenerator
[02:08:52] DEPRECATION WARNING: please use MorganGenerator
[02:08:52] DEPRECATION WARNING: please use MorganGenerator
[02:08:52] DEPRECATION WARNING: please use MorganGenerator
[02:08:52] DEPRECATION WARNING: please use MorganGenerator
[02:08:52] DEPRECATION WARNING: please use MorganGenerator
[02:08:52] DEPRECATION WARNING: please use MorganGenerator
[02:08:52] DEPRECATION WARNING: please use MorganGenerator
[02:08:52] DEPRECATION WARNING: please use MorganGenerator
[02:08:52] DEPRECATION WARNING: please use MorganGenerator
[02:08:52] DEPRECATION WARNING: please use MorganGenerator
[02:08:52] DEPRECATION WARNING: please use MorganGenerator
[02:08:52] DEPRECATION WARNING: please use MorganGenerator
[02:08:52] DEPRECATION WARNING: please use MorganGenerator
[02:08:52] DEPRECATION WARNING: please use MorganGenerator
[02:08:52] DEPRECATION WARNING: please use MorganGenerator
[02:08:52] DEPRECATION WARNING: please use MorganGenerator
[02:08:52] DEPRECATION WARNING: please use MorganGenerator
[02:08:52] DEPRECATION WARNING: please use MorganGenerator
[02:08:52] DEPRECATION WARNING: please use MorganGenerator
[02:08:52] DEPRECATION WARNING: please use MorganGenerator
[02:08:52] DEPRECATION WARNING: please use MorganGenerator
[02:08:52] DEPRECATION WARNING: please use MorganGenerator
[02:08:52] DEPRECATION WARNING: please use MorganGenerator
[02:08:52] DEPRECATION WARNING: please use MorganGenerator
[02:08:52] DEPRECATION WARNING: please use MorganGenerator
[02:08:52] WARNING: not removing hydrogen atom without neighbors
[02:08:52] DEPRECATION WARNING: please use MorganGenerator
[02:08:52] DEPRECATION WARNING: please use MorganGenerator
[02:08:52] DEPRECATION WARNING: please use MorganGenerator
[02:08:52] WARNING: not removing hydrogen atom without neighbors
[02:08:52] DEPRECATION WARNING: please use MorganGenerator
[02:08:52] DEPRECATION WARNING: please use MorganGenerator
[02:08:52] DEPRECATION WARNING: please use MorganGenerator
[02:08:52] DEPRECATION WARNING: please use MorganGenerator
[02:08:52] DEPRECATION WARNING: please use MorganGenerator
[02:08:52] DEPRECATION WARNING: please use MorganGenerator
[02:08:52] DEPRECATION WARNING: please use MorganGenerator
[02:08:52] DEPRECATION WARNING: please use MorganGenerator
[02:08:52] DEPRECATION WARNING: please use MorganGenerator
[02:08:52] DEPRECATION WARNING: please use MorganGenerator
[02:08:52] DEPRECATION WARNING: please use MorganGenerator
[02:08:52] DEPRECATION WARNING: please use MorganGenerator
[02:08:52] DEPRECATION WARNING: please use MorganGenerator
[02:08:52] DEPRECATION WARNING: please use MorganGenerator
[02:08:52] DEPRECATION WARNING: please use MorganGenerator
[02:08:52] DEPRECATION WARNING: please use MorganGenerator
[02:08:52] DEPRECATION WARNING: please use MorganGenerator
[02:08:52] DEPRECATION WARNING: please use MorganGenerator
[02:08:52] DEPRECATION WARNING: please use MorganGenerator
[02:08:52] DEPRECATION WARNING: please use MorganGenerator
[02:08:52] DEPRECATION WARNING: please use MorganGenerator
[02:08:52] DEPRECATION WARNING: please use MorganGenerator
[02:08:52] DEPRECATION WARNING: please use MorganGenerator
[02:08:52] DEPRECATION WARNING: please use MorganGenerator
[02:08:52] DEPRECATION WARNING: please use MorganGenerator
[02:08:52] DEPRECATION WARNING: please use MorganGenerator
[02:08:52] DEPRECATION WARNING: please use MorganGenerator
[02:08:52] DEPRECATION WARNING: please use MorganGenerator
[02:08:52] WARNING: not removing hydrogen atom without neighbors
[02:08:52] DEPRECATION WARNING: please use MorganGenerator
[02:08:52] DEPRECATION WARNING: please use MorganGenerator
[02:08:52] DEPRECATION WARNING: please use MorganGenerator
[02:08:52] DEPRECATION WARNING: please use MorganGenerator
[02:08:52] DEPRECATION WARNING: please use MorganGenerator
[02:08:52] DEPRECATION WARNING: please use MorganGenerator
[02:08:52] DEPRECATION WARNING: please use MorganGenerator
[02:08:52] DEPRECATION WARNING: please use MorganGenerator
[02:08:52] DEPRECATION WARNING: please use MorganGenerator
[02:08:52] DEPRECATION WARNING: please use MorganGenerator
[02:08:52] DEPRECATION WARNING: please use MorganGenerator
[02:08:52] DEPRECATION WARNING: please use MorganGenerator
[02:08:52] DEPRECATION WARNING: please use MorganGenerator
[02:08:52] DEPRECATION WARNING: please use MorganGenerator
[02:08:52] DEPRECATION WARNING: please use MorganGenerator
[02:08:52] DEPRECATION WARNING: please use MorganGenerator
[02:08:52] DEPRECATION WARNING: please use MorganGenerator
[02:08:52] DEPRECATION WARNING: please use MorganGenerator
[02:08:52] DEPRECATION WARNING: please use MorganGenerator
[02:08:52] DEPRECATION WARNING: please use MorganGenerator
[02:08:52] DEPRECATION WARNING: please use MorganGenerator
[02:08:52] DEPRECATION WARNING: please use MorganGenerator
[02:08:52] DEPRECATION WARNING: please use MorganGenerator
[02:08:52] DEPRECATION WARNING: please use MorganGenerator
[02:08:52] DEPRECATION WARNING: please use MorganGenerator
[02:08:52] DEPRECATION WARNING: please use MorganGenerator
[02:08:52] DEPRECATION WARNING: please use MorganGenerator
[02:08:52] DEPRECATION WARNING: please use MorganGenerator
Generating Features:  49%|████▊     | 994/2039 [00:01<00:01, 809.01it/s][02:08:52] DEPRECATION WARNING: please use MorganGenerator
[02:08:52] DEPRECATION WARNING: please use MorganGenerator
[02:08:52] DEPRECATION WARNING: please use MorganGenerator
[02:08:52] DEPRECATION WARNING: please use MorganGenerator
[02:08:52] DEPRECATION WARNING: please use MorganGenerator
[02:08:52] DEPRECATION WARNING: please use MorganGenerator
[02:08:52] DEPRECATION WARNING: please use MorganGenerator
[02:08:52] DEPRECATION WARNING: please use MorganGenerator
[02:08:52] DEPRECATION WARNING: please use MorganGenerator
[02:08:52] DEPRECATION WARNING: please use MorganGenerator
[02:08:52] DEPRECATION WARNING: please use MorganGenerator
[02:08:52] DEPRECATION WARNING: please use MorganGenerator
[02:08:52] DEPRECATION WARNING: please use MorganGenerator
[02:08:52] DEPRECATION WARNING: please use MorganGenerator
[02:08:52] DEPRECATION WARNING: please use MorganGenerator
[02:08:52] DEPRECATION WARNING: please use MorganGenerator
[02:08:52] DEPRECATION WARNING: please use MorganGenerator
[02:08:52] DEPRECATION WARNING: please use MorganGenerator
[02:08:52] DEPRECATION WARNING: please use MorganGenerator
[02:08:52] DEPRECATION WARNING: please use MorganGenerator
[02:08:52] DEPRECATION WARNING: please use MorganGenerator
[02:08:52] DEPRECATION WARNING: please use MorganGenerator
[02:08:52] DEPRECATION WARNING: please use MorganGenerator
[02:08:52] DEPRECATION WARNING: please use MorganGenerator
[02:08:52] DEPRECATION WARNING: please use MorganGenerator
[02:08:52] DEPRECATION WARNING: please use MorganGenerator
[02:08:52] DEPRECATION WARNING: please use MorganGenerator
[02:08:52] DEPRECATION WARNING: please use MorganGenerator
[02:08:52] DEPRECATION WARNING: please use MorganGenerator
[02:08:52] DEPRECATION WARNING: please use MorganGenerator
[02:08:52] DEPRECATION WARNING: please use MorganGenerator
[02:08:52] DEPRECATION WARNING: please use MorganGenerator
[02:08:52] DEPRECATION WARNING: please use MorganGenerator
[02:08:52] DEPRECATION WARNING: please use MorganGenerator
[02:08:52] DEPRECATION WARNING: please use MorganGenerator
[02:08:52] DEPRECATION WARNING: please use MorganGenerator
[02:08:52] DEPRECATION WARNING: please use MorganGenerator
[02:08:52] DEPRECATION WARNING: please use MorganGenerator
[02:08:52] DEPRECATION WARNING: please use MorganGenerator
[02:08:52] DEPRECATION WARNING: please use MorganGenerator
[02:08:52] DEPRECATION WARNING: please use MorganGenerator
[02:08:53] DEPRECATION WARNING: please use MorganGenerator
[02:08:53] DEPRECATION WARNING: please use MorganGenerator
[02:08:53] DEPRECATION WARNING: please use MorganGenerator
[02:08:53] DEPRECATION WARNING: please use MorganGenerator
[02:08:53] DEPRECATION WARNING: please use MorganGenerator
[02:08:53] DEPRECATION WARNING: please use MorganGenerator
[02:08:53] DEPRECATION WARNING: please use MorganGenerator
[02:08:53] DEPRECATION WARNING: please use MorganGenerator
[02:08:53] DEPRECATION WARNING: please use MorganGenerator
[02:08:53] WARNING: not removing hydrogen atom without neighbors
[02:08:53] DEPRECATION WARNING: please use MorganGenerator
[02:08:53] DEPRECATION WARNING: please use MorganGenerator
[02:08:53] DEPRECATION WARNING: please use MorganGenerator
[02:08:53] DEPRECATION WARNING: please use MorganGenerator
[02:08:53] DEPRECATION WARNING: please use MorganGenerator
[02:08:53] DEPRECATION WARNING: please use MorganGenerator
[02:08:53] DEPRECATION WARNING: please use MorganGenerator
[02:08:53] DEPRECATION WARNING: please use MorganGenerator
[02:08:53] DEPRECATION WARNING: please use MorganGenerator
[02:08:53] DEPRECATION WARNING: please use MorganGenerator
[02:08:53] DEPRECATION WARNING: please use MorganGenerator
[02:08:53] DEPRECATION WARNING: please use MorganGenerator
[02:08:53] DEPRECATION WARNING: please use MorganGenerator
[02:08:53] DEPRECATION WARNING: please use MorganGenerator
[02:08:53] DEPRECATION WARNING: please use MorganGenerator
[02:08:53] DEPRECATION WARNING: please use MorganGenerator
[02:08:53] DEPRECATION WARNING: please use MorganGenerator
[02:08:53] DEPRECATION WARNING: please use MorganGenerator
[02:08:53] DEPRECATION WARNING: please use MorganGenerator
[02:08:53] DEPRECATION WARNING: please use MorganGenerator
[02:08:53] DEPRECATION WARNING: please use MorganGenerator
[02:08:53] DEPRECATION WARNING: please use MorganGenerator
[02:08:53] DEPRECATION WARNING: please use MorganGenerator
[02:08:53] DEPRECATION WARNING: please use MorganGenerator
[02:08:53] DEPRECATION WARNING: please use MorganGenerator
[02:08:53] DEPRECATION WARNING: please use MorganGenerator
[02:08:53] DEPRECATION WARNING: please use MorganGenerator
[02:08:53] DEPRECATION WARNING: please use MorganGenerator
[02:08:53] DEPRECATION WARNING: please use MorganGenerator
[02:08:53] DEPRECATION WARNING: please use MorganGenerator
[02:08:53] DEPRECATION WARNING: please use MorganGenerator
[02:08:53] DEPRECATION WARNING: please use MorganGenerator
[02:08:53] DEPRECATION WARNING: please use MorganGenerator
[02:08:53] DEPRECATION WARNING: please use MorganGenerator
[02:08:53] DEPRECATION WARNING: please use MorganGenerator
[02:08:53] DEPRECATION WARNING: please use MorganGenerator
[02:08:53] DEPRECATION WARNING: please use MorganGenerator
[02:08:53] DEPRECATION WARNING: please use MorganGenerator
[02:08:53] DEPRECATION WARNING: please use MorganGenerator
[02:08:53] DEPRECATION WARNING: please use MorganGenerator
[02:08:53] DEPRECATION WARNING: please use MorganGenerator
[02:08:53] DEPRECATION WARNING: please use MorganGenerator
[02:08:53] DEPRECATION WARNING: please use MorganGenerator
[02:08:53] DEPRECATION WARNING: please use MorganGenerator
[02:08:53] DEPRECATION WARNING: please use MorganGenerator
[02:08:53] DEPRECATION WARNING: please use MorganGenerator
[02:08:53] DEPRECATION WARNING: please use MorganGenerator
[02:08:53] DEPRECATION WARNING: please use MorganGenerator
[02:08:53] DEPRECATION WARNING: please use MorganGenerator
[02:08:53] DEPRECATION WARNING: please use MorganGenerator
[02:08:53] DEPRECATION WARNING: please use MorganGenerator
Generating Features:  54%|█████▎    | 1095/2039 [00:01<00:01, 861.57it/s][02:08:53] DEPRECATION WARNING: please use MorganGenerator
[02:08:53] DEPRECATION WARNING: please use MorganGenerator
[02:08:53] DEPRECATION WARNING: please use MorganGenerator
[02:08:53] DEPRECATION WARNING: please use MorganGenerator
[02:08:53] DEPRECATION WARNING: please use MorganGenerator
[02:08:53] DEPRECATION WARNING: please use MorganGenerator
[02:08:53] DEPRECATION WARNING: please use MorganGenerator
[02:08:53] DEPRECATION WARNING: please use MorganGenerator
[02:08:53] DEPRECATION WARNING: please use MorganGenerator
[02:08:53] DEPRECATION WARNING: please use MorganGenerator
[02:08:53] DEPRECATION WARNING: please use MorganGenerator
[02:08:53] DEPRECATION WARNING: please use MorganGenerator
[02:08:53] DEPRECATION WARNING: please use MorganGenerator
[02:08:53] DEPRECATION WARNING: please use MorganGenerator
[02:08:53] DEPRECATION WARNING: please use MorganGenerator
[02:08:53] DEPRECATION WARNING: please use MorganGenerator
[02:08:53] DEPRECATION WARNING: please use MorganGenerator
[02:08:53] DEPRECATION WARNING: please use MorganGenerator
[02:08:53] DEPRECATION WARNING: please use MorganGenerator
[02:08:53] DEPRECATION WARNING: please use MorganGenerator
[02:08:53] DEPRECATION WARNING: please use MorganGenerator
[02:08:53] DEPRECATION WARNING: please use MorganGenerator
[02:08:53] DEPRECATION WARNING: please use MorganGenerator
[02:08:53] DEPRECATION WARNING: please use MorganGenerator
[02:08:53] DEPRECATION WARNING: please use MorganGenerator
[02:08:53] DEPRECATION WARNING: please use MorganGenerator
[02:08:53] DEPRECATION WARNING: please use MorganGenerator
[02:08:53] DEPRECATION WARNING: please use MorganGenerator
[02:08:53] DEPRECATION WARNING: please use MorganGenerator
[02:08:53] DEPRECATION WARNING: please use MorganGenerator
[02:08:53] DEPRECATION WARNING: please use MorganGenerator
[02:08:53] DEPRECATION WARNING: please use MorganGenerator
[02:08:53] DEPRECATION WARNING: please use MorganGenerator
[02:08:53] DEPRECATION WARNING: please use MorganGenerator
[02:08:53] DEPRECATION WARNING: please use MorganGenerator
[02:08:53] DEPRECATION WARNING: please use MorganGenerator
[02:08:53] DEPRECATION WARNING: please use MorganGenerator
[02:08:53] DEPRECATION WARNING: please use MorganGenerator
[02:08:53] DEPRECATION WARNING: please use MorganGenerator
[02:08:53] DEPRECATION WARNING: please use MorganGenerator
[02:08:53] DEPRECATION WARNING: please use MorganGenerator
[02:08:53] DEPRECATION WARNING: please use MorganGenerator
[02:08:53] DEPRECATION WARNING: please use MorganGenerator
[02:08:53] DEPRECATION WARNING: please use MorganGenerator
[02:08:53] DEPRECATION WARNING: please use MorganGenerator
[02:08:53] DEPRECATION WARNING: please use MorganGenerator
[02:08:53] DEPRECATION WARNING: please use MorganGenerator
[02:08:53] DEPRECATION WARNING: please use MorganGenerator
[02:08:53] DEPRECATION WARNING: please use MorganGenerator
[02:08:53] DEPRECATION WARNING: please use MorganGenerator
[02:08:53] DEPRECATION WARNING: please use MorganGenerator
[02:08:53] DEPRECATION WARNING: please use MorganGenerator
[02:08:53] DEPRECATION WARNING: please use MorganGenerator
[02:08:53] DEPRECATION WARNING: please use MorganGenerator
[02:08:53] DEPRECATION WARNING: please use MorganGenerator
[02:08:53] DEPRECATION WARNING: please use MorganGenerator
[02:08:53] DEPRECATION WARNING: please use MorganGenerator
[02:08:53] DEPRECATION WARNING: please use MorganGenerator
[02:08:53] DEPRECATION WARNING: please use MorganGenerator
[02:08:53] DEPRECATION WARNING: please use MorganGenerator
[02:08:53] DEPRECATION WARNING: please use MorganGenerator
[02:08:53] DEPRECATION WARNING: please use MorganGenerator
[02:08:53] DEPRECATION WARNING: please use MorganGenerator
[02:08:53] DEPRECATION WARNING: please use MorganGenerator
[02:08:53] DEPRECATION WARNING: please use MorganGenerator
[02:08:53] DEPRECATION WARNING: please use MorganGenerator
[02:08:53] DEPRECATION WARNING: please use MorganGenerator
[02:08:53] DEPRECATION WARNING: please use MorganGenerator
[02:08:53] DEPRECATION WARNING: please use MorganGenerator
[02:08:53] WARNING: not removing hydrogen atom without neighbors
[02:08:53] DEPRECATION WARNING: please use MorganGenerator
[02:08:53] DEPRECATION WARNING: please use MorganGenerator
[02:08:53] DEPRECATION WARNING: please use MorganGenerator
[02:08:53] DEPRECATION WARNING: please use MorganGenerator
[02:08:53] DEPRECATION WARNING: please use MorganGenerator
[02:08:53] DEPRECATION WARNING: please use MorganGenerator
[02:08:53] DEPRECATION WARNING: please use MorganGenerator
[02:08:53] DEPRECATION WARNING: please use MorganGenerator
[02:08:53] DEPRECATION WARNING: please use MorganGenerator
[02:08:53] DEPRECATION WARNING: please use MorganGenerator
[02:08:53] DEPRECATION WARNING: please use MorganGenerator
[02:08:53] DEPRECATION WARNING: please use MorganGenerator
[02:08:53] DEPRECATION WARNING: please use MorganGenerator
[02:08:53] DEPRECATION WARNING: please use MorganGenerator
[02:08:53] DEPRECATION WARNING: please use MorganGenerator
[02:08:53] DEPRECATION WARNING: please use MorganGenerator
[02:08:53] DEPRECATION WARNING: please use MorganGenerator
[02:08:53] DEPRECATION WARNING: please use MorganGenerator
[02:08:53] DEPRECATION WARNING: please use MorganGenerator
[02:08:53] DEPRECATION WARNING: please use MorganGenerator
[02:08:53] DEPRECATION WARNING: please use MorganGenerator
[02:08:53] DEPRECATION WARNING: please use MorganGenerator
[02:08:53] DEPRECATION WARNING: please use MorganGenerator
Generating Features:  58%|█████▊    | 1187/2039 [00:01<00:00, 875.18it/s][02:08:53] DEPRECATION WARNING: please use MorganGenerator
[02:08:53] DEPRECATION WARNING: please use MorganGenerator
[02:08:53] DEPRECATION WARNING: please use MorganGenerator
[02:08:53] DEPRECATION WARNING: please use MorganGenerator
[02:08:53] WARNING: not removing hydrogen atom without neighbors
[02:08:53] DEPRECATION WARNING: please use MorganGenerator
[02:08:53] DEPRECATION WARNING: please use MorganGenerator
[02:08:53] DEPRECATION WARNING: please use MorganGenerator
[02:08:53] DEPRECATION WARNING: please use MorganGenerator
[02:08:53] DEPRECATION WARNING: please use MorganGenerator
[02:08:53] WARNING: not removing hydrogen atom without neighbors
[02:08:53] DEPRECATION WARNING: please use MorganGenerator
[02:08:53] DEPRECATION WARNING: please use MorganGenerator
[02:08:53] DEPRECATION WARNING: please use MorganGenerator
[02:08:53] DEPRECATION WARNING: please use MorganGenerator
[02:08:53] DEPRECATION WARNING: please use MorganGenerator
[02:08:53] DEPRECATION WARNING: please use MorganGenerator
[02:08:53] DEPRECATION WARNING: please use MorganGenerator
[02:08:53] DEPRECATION WARNING: please use MorganGenerator
[02:08:53] DEPRECATION WARNING: please use MorganGenerator
[02:08:53] DEPRECATION WARNING: please use MorganGenerator
[02:08:53] DEPRECATION WARNING: please use MorganGenerator
[02:08:53] DEPRECATION WARNING: please use MorganGenerator
[02:08:53] DEPRECATION WARNING: please use MorganGenerator
[02:08:53] DEPRECATION WARNING: please use MorganGenerator
[02:08:53] DEPRECATION WARNING: please use MorganGenerator
[02:08:53] DEPRECATION WARNING: please use MorganGenerator
[02:08:53] DEPRECATION WARNING: please use MorganGenerator
[02:08:53] DEPRECATION WARNING: please use MorganGenerator
[02:08:53] DEPRECATION WARNING: please use MorganGenerator
[02:08:53] DEPRECATION WARNING: please use MorganGenerator
[02:08:53] DEPRECATION WARNING: please use MorganGenerator
[02:08:53] DEPRECATION WARNING: please use MorganGenerator
[02:08:53] DEPRECATION WARNING: please use MorganGenerator
[02:08:53] DEPRECATION WARNING: please use MorganGenerator
[02:08:53] DEPRECATION WARNING: please use MorganGenerator
[02:08:53] DEPRECATION WARNING: please use MorganGenerator
[02:08:53] DEPRECATION WARNING: please use MorganGenerator
[02:08:53] DEPRECATION WARNING: please use MorganGenerator
[02:08:53] DEPRECATION WARNING: please use MorganGenerator
[02:08:53] DEPRECATION WARNING: please use MorganGenerator
[02:08:53] DEPRECATION WARNING: please use MorganGenerator
[02:08:53] DEPRECATION WARNING: please use MorganGenerator
[02:08:53] DEPRECATION WARNING: please use MorganGenerator
[02:08:53] DEPRECATION WARNING: please use MorganGenerator
[02:08:53] DEPRECATION WARNING: please use MorganGenerator
[02:08:53] DEPRECATION WARNING: please use MorganGenerator
[02:08:53] DEPRECATION WARNING: please use MorganGenerator
[02:08:53] DEPRECATION WARNING: please use MorganGenerator
[02:08:53] DEPRECATION WARNING: please use MorganGenerator
[02:08:53] DEPRECATION WARNING: please use MorganGenerator
[02:08:53] DEPRECATION WARNING: please use MorganGenerator
[02:08:53] DEPRECATION WARNING: please use MorganGenerator
[02:08:53] DEPRECATION WARNING: please use MorganGenerator
[02:08:53] DEPRECATION WARNING: please use MorganGenerator
[02:08:53] DEPRECATION WARNING: please use MorganGenerator
[02:08:53] DEPRECATION WARNING: please use MorganGenerator
[02:08:53] DEPRECATION WARNING: please use MorganGenerator
[02:08:53] DEPRECATION WARNING: please use MorganGenerator
[02:08:53] DEPRECATION WARNING: please use MorganGenerator
[02:08:53] DEPRECATION WARNING: please use MorganGenerator
[02:08:53] DEPRECATION WARNING: please use MorganGenerator
[02:08:53] DEPRECATION WARNING: please use MorganGenerator
[02:08:53] DEPRECATION WARNING: please use MorganGenerator
[02:08:53] DEPRECATION WARNING: please use MorganGenerator
[02:08:53] DEPRECATION WARNING: please use MorganGenerator
[02:08:53] DEPRECATION WARNING: please use MorganGenerator
[02:08:53] DEPRECATION WARNING: please use MorganGenerator
[02:08:53] DEPRECATION WARNING: please use MorganGenerator
[02:08:53] DEPRECATION WARNING: please use MorganGenerator
[02:08:53] DEPRECATION WARNING: please use MorganGenerator
[02:08:53] DEPRECATION WARNING: please use MorganGenerator
[02:08:53] DEPRECATION WARNING: please use MorganGenerator
[02:08:53] DEPRECATION WARNING: please use MorganGenerator
[02:08:53] DEPRECATION WARNING: please use MorganGenerator
[02:08:53] DEPRECATION WARNING: please use MorganGenerator
[02:08:53] DEPRECATION WARNING: please use MorganGenerator
[02:08:53] DEPRECATION WARNING: please use MorganGenerator
[02:08:53] DEPRECATION WARNING: please use MorganGenerator
[02:08:53] DEPRECATION WARNING: please use MorganGenerator
[02:08:53] DEPRECATION WARNING: please use MorganGenerator
[02:08:53] DEPRECATION WARNING: please use MorganGenerator
[02:08:53] DEPRECATION WARNING: please use MorganGenerator
[02:08:53] DEPRECATION WARNING: please use MorganGenerator
[02:08:53] WARNING: not removing hydrogen atom without neighbors
[02:08:53] DEPRECATION WARNING: please use MorganGenerator
[02:08:53] DEPRECATION WARNING: please use MorganGenerator
[02:08:53] DEPRECATION WARNING: please use MorganGenerator
[02:08:53] DEPRECATION WARNING: please use MorganGenerator
[02:08:53] DEPRECATION WARNING: please use MorganGenerator
[02:08:53] DEPRECATION WARNING: please use MorganGenerator
[02:08:53] DEPRECATION WARNING: please use MorganGenerator
[02:08:53] DEPRECATION WARNING: please use MorganGenerator
[02:08:53] DEPRECATION WARNING: please use MorganGenerator
[02:08:53] DEPRECATION WARNING: please use MorganGenerator
[02:08:53] DEPRECATION WARNING: please use MorganGenerator
Generating Features:  63%|██████▎   | 1280/2039 [00:01<00:00, 888.79it/s][02:08:53] DEPRECATION WARNING: please use MorganGenerator
[02:08:53] DEPRECATION WARNING: please use MorganGenerator
[02:08:53] DEPRECATION WARNING: please use MorganGenerator
[02:08:53] DEPRECATION WARNING: please use MorganGenerator
[02:08:53] DEPRECATION WARNING: please use MorganGenerator
[02:08:53] DEPRECATION WARNING: please use MorganGenerator
[02:08:53] DEPRECATION WARNING: please use MorganGenerator
[02:08:53] DEPRECATION WARNING: please use MorganGenerator
[02:08:53] DEPRECATION WARNING: please use MorganGenerator
[02:08:53] DEPRECATION WARNING: please use MorganGenerator
[02:08:53] DEPRECATION WARNING: please use MorganGenerator
[02:08:53] DEPRECATION WARNING: please use MorganGenerator
[02:08:53] DEPRECATION WARNING: please use MorganGenerator
[02:08:53] DEPRECATION WARNING: please use MorganGenerator
[02:08:53] DEPRECATION WARNING: please use MorganGenerator
[02:08:53] DEPRECATION WARNING: please use MorganGenerator
[02:08:53] DEPRECATION WARNING: please use MorganGenerator
[02:08:53] WARNING: not removing hydrogen atom without neighbors
[02:08:53] DEPRECATION WARNING: please use MorganGenerator
[02:08:53] DEPRECATION WARNING: please use MorganGenerator
[02:08:53] DEPRECATION WARNING: please use MorganGenerator
[02:08:53] DEPRECATION WARNING: please use MorganGenerator
[02:08:53] DEPRECATION WARNING: please use MorganGenerator
[02:08:53] DEPRECATION WARNING: please use MorganGenerator
[02:08:53] WARNING: not removing hydrogen atom without neighbors
[02:08:53] DEPRECATION WARNING: please use MorganGenerator
[02:08:53] DEPRECATION WARNING: please use MorganGenerator
[02:08:53] DEPRECATION WARNING: please use MorganGenerator
[02:08:53] DEPRECATION WARNING: please use MorganGenerator
[02:08:53] DEPRECATION WARNING: please use MorganGenerator
[02:08:53] DEPRECATION WARNING: please use MorganGenerator
[02:08:53] DEPRECATION WARNING: please use MorganGenerator
[02:08:53] DEPRECATION WARNING: please use MorganGenerator
[02:08:53] DEPRECATION WARNING: please use MorganGenerator
[02:08:53] DEPRECATION WARNING: please use MorganGenerator
[02:08:53] DEPRECATION WARNING: please use MorganGenerator
[02:08:53] DEPRECATION WARNING: please use MorganGenerator
[02:08:53] DEPRECATION WARNING: please use MorganGenerator
[02:08:53] DEPRECATION WARNING: please use MorganGenerator
[02:08:53] DEPRECATION WARNING: please use MorganGenerator
[02:08:53] DEPRECATION WARNING: please use MorganGenerator
[02:08:53] WARNING: not removing hydrogen atom without neighbors
[02:08:53] DEPRECATION WARNING: please use MorganGenerator
[02:08:53] DEPRECATION WARNING: please use MorganGenerator
[02:08:53] DEPRECATION WARNING: please use MorganGenerator
[02:08:53] DEPRECATION WARNING: please use MorganGenerator
[02:08:53] DEPRECATION WARNING: please use MorganGenerator
[02:08:53] DEPRECATION WARNING: please use MorganGenerator
[02:08:53] DEPRECATION WARNING: please use MorganGenerator
[02:08:53] DEPRECATION WARNING: please use MorganGenerator
[02:08:53] DEPRECATION WARNING: please use MorganGenerator
[02:08:53] DEPRECATION WARNING: please use MorganGenerator
[02:08:53] DEPRECATION WARNING: please use MorganGenerator
[02:08:53] DEPRECATION WARNING: please use MorganGenerator
[02:08:53] DEPRECATION WARNING: please use MorganGenerator
[02:08:53] DEPRECATION WARNING: please use MorganGenerator
[02:08:53] DEPRECATION WARNING: please use MorganGenerator
[02:08:53] DEPRECATION WARNING: please use MorganGenerator
[02:08:53] DEPRECATION WARNING: please use MorganGenerator
[02:08:53] DEPRECATION WARNING: please use MorganGenerator
[02:08:53] DEPRECATION WARNING: please use MorganGenerator
[02:08:53] DEPRECATION WARNING: please use MorganGenerator
[02:08:53] DEPRECATION WARNING: please use MorganGenerator
[02:08:53] WARNING: not removing hydrogen atom without neighbors
[02:08:53] DEPRECATION WARNING: please use MorganGenerator
[02:08:53] DEPRECATION WARNING: please use MorganGenerator
[02:08:53] DEPRECATION WARNING: please use MorganGenerator
[02:08:53] DEPRECATION WARNING: please use MorganGenerator
[02:08:53] DEPRECATION WARNING: please use MorganGenerator
[02:08:53] DEPRECATION WARNING: please use MorganGenerator
[02:08:53] DEPRECATION WARNING: please use MorganGenerator
[02:08:53] DEPRECATION WARNING: please use MorganGenerator
[02:08:53] DEPRECATION WARNING: please use MorganGenerator
[02:08:53] DEPRECATION WARNING: please use MorganGenerator
[02:08:53] DEPRECATION WARNING: please use MorganGenerator
[02:08:53] DEPRECATION WARNING: please use MorganGenerator
[02:08:53] DEPRECATION WARNING: please use MorganGenerator
[02:08:53] DEPRECATION WARNING: please use MorganGenerator
[02:08:53] DEPRECATION WARNING: please use MorganGenerator
[02:08:53] DEPRECATION WARNING: please use MorganGenerator
[02:08:53] DEPRECATION WARNING: please use MorganGenerator
[02:08:53] DEPRECATION WARNING: please use MorganGenerator
[02:08:53] DEPRECATION WARNING: please use MorganGenerator
[02:08:53] DEPRECATION WARNING: please use MorganGenerator
[02:08:53] DEPRECATION WARNING: please use MorganGenerator
[02:08:53] DEPRECATION WARNING: please use MorganGenerator
[02:08:53] DEPRECATION WARNING: please use MorganGenerator
[02:08:53] DEPRECATION WARNING: please use MorganGenerator
[02:08:53] DEPRECATION WARNING: please use MorganGenerator
[02:08:53] DEPRECATION WARNING: please use MorganGenerator
[02:08:53] DEPRECATION WARNING: please use MorganGenerator
[02:08:53] DEPRECATION WARNING: please use MorganGenerator
[02:08:53] DEPRECATION WARNING: please use MorganGenerator
[02:08:53] DEPRECATION WARNING: please use MorganGenerator
[02:08:53] DEPRECATION WARNING: please use MorganGenerator
Generating Features:  67%|██████▋   | 1371/2039 [00:01<00:00, 884.02it/s][02:08:53] DEPRECATION WARNING: please use MorganGenerator
[02:08:53] DEPRECATION WARNING: please use MorganGenerator
[02:08:53] DEPRECATION WARNING: please use MorganGenerator
[02:08:53] DEPRECATION WARNING: please use MorganGenerator
[02:08:53] DEPRECATION WARNING: please use MorganGenerator
[02:08:53] DEPRECATION WARNING: please use MorganGenerator
[02:08:53] DEPRECATION WARNING: please use MorganGenerator
[02:08:53] DEPRECATION WARNING: please use MorganGenerator
[02:08:53] DEPRECATION WARNING: please use MorganGenerator
[02:08:53] DEPRECATION WARNING: please use MorganGenerator
[02:08:53] DEPRECATION WARNING: please use MorganGenerator
[02:08:53] DEPRECATION WARNING: please use MorganGenerator
[02:08:53] DEPRECATION WARNING: please use MorganGenerator
[02:08:53] DEPRECATION WARNING: please use MorganGenerator
[02:08:53] DEPRECATION WARNING: please use MorganGenerator
[02:08:53] DEPRECATION WARNING: please use MorganGenerator
[02:08:53] DEPRECATION WARNING: please use MorganGenerator
[02:08:53] DEPRECATION WARNING: please use MorganGenerator
[02:08:53] DEPRECATION WARNING: please use MorganGenerator
[02:08:53] DEPRECATION WARNING: please use MorganGenerator
[02:08:53] DEPRECATION WARNING: please use MorganGenerator
[02:08:53] DEPRECATION WARNING: please use MorganGenerator
[02:08:53] WARNING: not removing hydrogen atom without neighbors
[02:08:53] DEPRECATION WARNING: please use MorganGenerator
[02:08:53] DEPRECATION WARNING: please use MorganGenerator
[02:08:53] DEPRECATION WARNING: please use MorganGenerator
[02:08:53] DEPRECATION WARNING: please use MorganGenerator
[02:08:53] DEPRECATION WARNING: please use MorganGenerator
[02:08:53] DEPRECATION WARNING: please use MorganGenerator
[02:08:53] DEPRECATION WARNING: please use MorganGenerator
[02:08:53] DEPRECATION WARNING: please use MorganGenerator
[02:08:53] DEPRECATION WARNING: please use MorganGenerator
[02:08:53] DEPRECATION WARNING: please use MorganGenerator
[02:08:53] DEPRECATION WARNING: please use MorganGenerator
[02:08:53] DEPRECATION WARNING: please use MorganGenerator
[02:08:53] DEPRECATION WARNING: please use MorganGenerator
[02:08:53] DEPRECATION WARNING: please use MorganGenerator
[02:08:53] DEPRECATION WARNING: please use MorganGenerator
[02:08:53] DEPRECATION WARNING: please use MorganGenerator
[02:08:53] DEPRECATION WARNING: please use MorganGenerator
[02:08:53] DEPRECATION WARNING: please use MorganGenerator
[02:08:53] DEPRECATION WARNING: please use MorganGenerator
[02:08:53] DEPRECATION WARNING: please use MorganGenerator
[02:08:53] DEPRECATION WARNING: please use MorganGenerator
[02:08:53] DEPRECATION WARNING: please use MorganGenerator
[02:08:53] DEPRECATION WARNING: please use MorganGenerator
[02:08:53] DEPRECATION WARNING: please use MorganGenerator
[02:08:53] DEPRECATION WARNING: please use MorganGenerator
[02:08:53] DEPRECATION WARNING: please use MorganGenerator
[02:08:53] DEPRECATION WARNING: please use MorganGenerator
[02:08:53] DEPRECATION WARNING: please use MorganGenerator
[02:08:53] DEPRECATION WARNING: please use MorganGenerator
[02:08:53] DEPRECATION WARNING: please use MorganGenerator
[02:08:53] DEPRECATION WARNING: please use MorganGenerator
[02:08:53] DEPRECATION WARNING: please use MorganGenerator
[02:08:53] DEPRECATION WARNING: please use MorganGenerator
[02:08:53] DEPRECATION WARNING: please use MorganGenerator
[02:08:53] DEPRECATION WARNING: please use MorganGenerator
[02:08:53] DEPRECATION WARNING: please use MorganGenerator
[02:08:53] DEPRECATION WARNING: please use MorganGenerator
[02:08:53] DEPRECATION WARNING: please use MorganGenerator
[02:08:53] DEPRECATION WARNING: please use MorganGenerator
[02:08:53] DEPRECATION WARNING: please use MorganGenerator
[02:08:53] DEPRECATION WARNING: please use MorganGenerator
[02:08:53] DEPRECATION WARNING: please use MorganGenerator
[02:08:53] DEPRECATION WARNING: please use MorganGenerator
[02:08:53] DEPRECATION WARNING: please use MorganGenerator
[02:08:53] DEPRECATION WARNING: please use MorganGenerator
[02:08:53] DEPRECATION WARNING: please use MorganGenerator
[02:08:53] DEPRECATION WARNING: please use MorganGenerator
[02:08:53] DEPRECATION WARNING: please use MorganGenerator
[02:08:53] DEPRECATION WARNING: please use MorganGenerator
[02:08:53] DEPRECATION WARNING: please use MorganGenerator
[02:08:53] DEPRECATION WARNING: please use MorganGenerator
[02:08:53] DEPRECATION WARNING: please use MorganGenerator
[02:08:53] DEPRECATION WARNING: please use MorganGenerator
[02:08:53] DEPRECATION WARNING: please use MorganGenerator
[02:08:53] DEPRECATION WARNING: please use MorganGenerator
[02:08:53] DEPRECATION WARNING: please use MorganGenerator
[02:08:53] DEPRECATION WARNING: please use MorganGenerator
[02:08:53] DEPRECATION WARNING: please use MorganGenerator
[02:08:53] DEPRECATION WARNING: please use MorganGenerator
[02:08:53] DEPRECATION WARNING: please use MorganGenerator
[02:08:53] DEPRECATION WARNING: please use MorganGenerator
[02:08:53] DEPRECATION WARNING: please use MorganGenerator
[02:08:53] DEPRECATION WARNING: please use MorganGenerator
[02:08:53] DEPRECATION WARNING: please use MorganGenerator
[02:08:53] DEPRECATION WARNING: please use MorganGenerator
[02:08:53] DEPRECATION WARNING: please use MorganGenerator
[02:08:53] DEPRECATION WARNING: please use MorganGenerator
[02:08:53] DEPRECATION WARNING: please use MorganGenerator
[02:08:53] DEPRECATION WARNING: please use MorganGenerator
[02:08:53] DEPRECATION WARNING: please use MorganGenerator
[02:08:53] DEPRECATION WARNING: please use MorganGenerator
[02:08:53] DEPRECATION WARNING: please use MorganGenerator
[02:08:53] DEPRECATION WARNING: please use MorganGenerator
Generating Features:  72%|███████▏  | 1466/2039 [00:01<00:00, 901.60it/s][02:08:53] DEPRECATION WARNING: please use MorganGenerator
[02:08:53] DEPRECATION WARNING: please use MorganGenerator
[02:08:53] DEPRECATION WARNING: please use MorganGenerator
[02:08:53] DEPRECATION WARNING: please use MorganGenerator
[02:08:53] DEPRECATION WARNING: please use MorganGenerator
[02:08:53] WARNING: not removing hydrogen atom without neighbors
[02:08:53] DEPRECATION WARNING: please use MorganGenerator
[02:08:53] DEPRECATION WARNING: please use MorganGenerator
[02:08:53] DEPRECATION WARNING: please use MorganGenerator
[02:08:53] DEPRECATION WARNING: please use MorganGenerator
[02:08:53] DEPRECATION WARNING: please use MorganGenerator
[02:08:53] DEPRECATION WARNING: please use MorganGenerator
[02:08:53] DEPRECATION WARNING: please use MorganGenerator
[02:08:53] DEPRECATION WARNING: please use MorganGenerator
[02:08:53] DEPRECATION WARNING: please use MorganGenerator
[02:08:53] DEPRECATION WARNING: please use MorganGenerator
[02:08:53] DEPRECATION WARNING: please use MorganGenerator
[02:08:53] DEPRECATION WARNING: please use MorganGenerator
[02:08:53] WARNING: not removing hydrogen atom without neighbors
[02:08:53] DEPRECATION WARNING: please use MorganGenerator
[02:08:53] DEPRECATION WARNING: please use MorganGenerator
[02:08:53] DEPRECATION WARNING: please use MorganGenerator
[02:08:53] DEPRECATION WARNING: please use MorganGenerator
[02:08:53] DEPRECATION WARNING: please use MorganGenerator
[02:08:53] DEPRECATION WARNING: please use MorganGenerator
[02:08:53] DEPRECATION WARNING: please use MorganGenerator
[02:08:53] DEPRECATION WARNING: please use MorganGenerator
[02:08:53] DEPRECATION WARNING: please use MorganGenerator
[02:08:53] DEPRECATION WARNING: please use MorganGenerator
[02:08:53] DEPRECATION WARNING: please use MorganGenerator
[02:08:53] DEPRECATION WARNING: please use MorganGenerator
[02:08:53] DEPRECATION WARNING: please use MorganGenerator
[02:08:53] DEPRECATION WARNING: please use MorganGenerator
[02:08:53] DEPRECATION WARNING: please use MorganGenerator
[02:08:53] DEPRECATION WARNING: please use MorganGenerator
[02:08:53] DEPRECATION WARNING: please use MorganGenerator
[02:08:53] DEPRECATION WARNING: please use MorganGenerator
[02:08:53] DEPRECATION WARNING: please use MorganGenerator
[02:08:53] DEPRECATION WARNING: please use MorganGenerator
[02:08:53] DEPRECATION WARNING: please use MorganGenerator
[02:08:53] DEPRECATION WARNING: please use MorganGenerator
[02:08:53] DEPRECATION WARNING: please use MorganGenerator
[02:08:53] DEPRECATION WARNING: please use MorganGenerator
[02:08:53] DEPRECATION WARNING: please use MorganGenerator
[02:08:53] DEPRECATION WARNING: please use MorganGenerator
[02:08:53] DEPRECATION WARNING: please use MorganGenerator
[02:08:53] DEPRECATION WARNING: please use MorganGenerator
[02:08:53] DEPRECATION WARNING: please use MorganGenerator
[02:08:53] DEPRECATION WARNING: please use MorganGenerator
[02:08:53] DEPRECATION WARNING: please use MorganGenerator
[02:08:53] DEPRECATION WARNING: please use MorganGenerator
[02:08:53] DEPRECATION WARNING: please use MorganGenerator
[02:08:53] DEPRECATION WARNING: please use MorganGenerator
[02:08:53] DEPRECATION WARNING: please use MorganGenerator
[02:08:53] DEPRECATION WARNING: please use MorganGenerator
[02:08:53] DEPRECATION WARNING: please use MorganGenerator
[02:08:53] DEPRECATION WARNING: please use MorganGenerator
[02:08:53] DEPRECATION WARNING: please use MorganGenerator
[02:08:53] DEPRECATION WARNING: please use MorganGenerator
[02:08:53] DEPRECATION WARNING: please use MorganGenerator
[02:08:53] DEPRECATION WARNING: please use MorganGenerator
[02:08:53] DEPRECATION WARNING: please use MorganGenerator
[02:08:53] DEPRECATION WARNING: please use MorganGenerator
[02:08:53] DEPRECATION WARNING: please use MorganGenerator
[02:08:53] DEPRECATION WARNING: please use MorganGenerator
[02:08:53] DEPRECATION WARNING: please use MorganGenerator
[02:08:53] DEPRECATION WARNING: please use MorganGenerator
[02:08:53] DEPRECATION WARNING: please use MorganGenerator
[02:08:53] DEPRECATION WARNING: please use MorganGenerator
[02:08:53] DEPRECATION WARNING: please use MorganGenerator
[02:08:53] DEPRECATION WARNING: please use MorganGenerator
[02:08:53] DEPRECATION WARNING: please use MorganGenerator
[02:08:53] DEPRECATION WARNING: please use MorganGenerator
[02:08:53] DEPRECATION WARNING: please use MorganGenerator
[02:08:53] DEPRECATION WARNING: please use MorganGenerator
[02:08:53] DEPRECATION WARNING: please use MorganGenerator
[02:08:53] DEPRECATION WARNING: please use MorganGenerator
[02:08:53] DEPRECATION WARNING: please use MorganGenerator
[02:08:53] DEPRECATION WARNING: please use MorganGenerator
[02:08:53] DEPRECATION WARNING: please use MorganGenerator
[02:08:53] DEPRECATION WARNING: please use MorganGenerator
[02:08:53] DEPRECATION WARNING: please use MorganGenerator
[02:08:53] DEPRECATION WARNING: please use MorganGenerator
[02:08:53] DEPRECATION WARNING: please use MorganGenerator
[02:08:53] DEPRECATION WARNING: please use MorganGenerator
[02:08:53] DEPRECATION WARNING: please use MorganGenerator
[02:08:53] DEPRECATION WARNING: please use MorganGenerator
[02:08:53] DEPRECATION WARNING: please use MorganGenerator
[02:08:53] DEPRECATION WARNING: please use MorganGenerator
[02:08:53] DEPRECATION WARNING: please use MorganGenerator
[02:08:53] DEPRECATION WARNING: please use MorganGenerator
[02:08:53] DEPRECATION WARNING: please use MorganGenerator
[02:08:53] DEPRECATION WARNING: please use MorganGenerator
[02:08:53] DEPRECATION WARNING: please use MorganGenerator
[02:08:53] DEPRECATION WARNING: please use MorganGenerator
[02:08:53] DEPRECATION WARNING: please use MorganGenerator
[02:08:53] DEPRECATION WARNING: please use MorganGenerator
[02:08:53] DEPRECATION WARNING: please use MorganGenerator
[02:08:53] DEPRECATION WARNING: please use MorganGenerator
[02:08:53] DEPRECATION WARNING: please use MorganGenerator
[02:08:53] DEPRECATION WARNING: please use MorganGenerator
[02:08:53] DEPRECATION WARNING: please use MorganGenerator
[02:08:53] DEPRECATION WARNING: please use MorganGenerator
Generating Features:  77%|███████▋  | 1567/2039 [00:01<00:00, 932.46it/s][02:08:53] DEPRECATION WARNING: please use MorganGenerator
[02:08:53] DEPRECATION WARNING: please use MorganGenerator
[02:08:53] DEPRECATION WARNING: please use MorganGenerator
[02:08:53] DEPRECATION WARNING: please use MorganGenerator
[02:08:53] DEPRECATION WARNING: please use MorganGenerator
[02:08:53] DEPRECATION WARNING: please use MorganGenerator
[02:08:53] DEPRECATION WARNING: please use MorganGenerator
[02:08:53] DEPRECATION WARNING: please use MorganGenerator
[02:08:53] DEPRECATION WARNING: please use MorganGenerator
[02:08:53] DEPRECATION WARNING: please use MorganGenerator
[02:08:53] DEPRECATION WARNING: please use MorganGenerator
[02:08:53] DEPRECATION WARNING: please use MorganGenerator
[02:08:53] DEPRECATION WARNING: please use MorganGenerator
[02:08:53] DEPRECATION WARNING: please use MorganGenerator
[02:08:53] DEPRECATION WARNING: please use MorganGenerator
[02:08:53] DEPRECATION WARNING: please use MorganGenerator
[02:08:53] DEPRECATION WARNING: please use MorganGenerator
[02:08:53] DEPRECATION WARNING: please use MorganGenerator
[02:08:53] DEPRECATION WARNING: please use MorganGenerator
[02:08:53] DEPRECATION WARNING: please use MorganGenerator
[02:08:53] DEPRECATION WARNING: please use MorganGenerator
[02:08:53] DEPRECATION WARNING: please use MorganGenerator
[02:08:53] DEPRECATION WARNING: please use MorganGenerator
[02:08:53] DEPRECATION WARNING: please use MorganGenerator
[02:08:53] DEPRECATION WARNING: please use MorganGenerator
[02:08:53] DEPRECATION WARNING: please use MorganGenerator
[02:08:53] DEPRECATION WARNING: please use MorganGenerator
[02:08:53] DEPRECATION WARNING: please use MorganGenerator
[02:08:53] DEPRECATION WARNING: please use MorganGenerator
[02:08:53] WARNING: not removing hydrogen atom without neighbors
[02:08:53] DEPRECATION WARNING: please use MorganGenerator
[02:08:53] DEPRECATION WARNING: please use MorganGenerator
[02:08:53] DEPRECATION WARNING: please use MorganGenerator
[02:08:53] DEPRECATION WARNING: please use MorganGenerator
[02:08:53] DEPRECATION WARNING: please use MorganGenerator
[02:08:53] DEPRECATION WARNING: please use MorganGenerator
[02:08:53] DEPRECATION WARNING: please use MorganGenerator
[02:08:53] DEPRECATION WARNING: please use MorganGenerator
[02:08:53] DEPRECATION WARNING: please use MorganGenerator
[02:08:53] DEPRECATION WARNING: please use MorganGenerator
[02:08:53] DEPRECATION WARNING: please use MorganGenerator
[02:08:53] DEPRECATION WARNING: please use MorganGenerator
[02:08:53] DEPRECATION WARNING: please use MorganGenerator
[02:08:53] DEPRECATION WARNING: please use MorganGenerator
[02:08:53] DEPRECATION WARNING: please use MorganGenerator
[02:08:53] DEPRECATION WARNING: please use MorganGenerator
[02:08:53] DEPRECATION WARNING: please use MorganGenerator
[02:08:53] DEPRECATION WARNING: please use MorganGenerator
[02:08:53] DEPRECATION WARNING: please use MorganGenerator
[02:08:53] DEPRECATION WARNING: please use MorganGenerator
[02:08:53] DEPRECATION WARNING: please use MorganGenerator
[02:08:53] DEPRECATION WARNING: please use MorganGenerator
[02:08:53] DEPRECATION WARNING: please use MorganGenerator
[02:08:53] DEPRECATION WARNING: please use MorganGenerator
[02:08:53] WARNING: not removing hydrogen atom without neighbors
[02:08:53] DEPRECATION WARNING: please use MorganGenerator
[02:08:53] DEPRECATION WARNING: please use MorganGenerator
[02:08:53] WARNING: not removing hydrogen atom without neighbors
[02:08:53] DEPRECATION WARNING: please use MorganGenerator
[02:08:53] DEPRECATION WARNING: please use MorganGenerator
[02:08:53] DEPRECATION WARNING: please use MorganGenerator
[02:08:53] DEPRECATION WARNING: please use MorganGenerator
[02:08:53] DEPRECATION WARNING: please use MorganGenerator
[02:08:53] DEPRECATION WARNING: please use MorganGenerator
[02:08:53] DEPRECATION WARNING: please use MorganGenerator
[02:08:53] DEPRECATION WARNING: please use MorganGenerator
[02:08:53] DEPRECATION WARNING: please use MorganGenerator
[02:08:53] DEPRECATION WARNING: please use MorganGenerator
[02:08:53] DEPRECATION WARNING: please use MorganGenerator
[02:08:53] DEPRECATION WARNING: please use MorganGenerator
[02:08:53] DEPRECATION WARNING: please use MorganGenerator
[02:08:53] DEPRECATION WARNING: please use MorganGenerator
[02:08:53] DEPRECATION WARNING: please use MorganGenerator
[02:08:53] DEPRECATION WARNING: please use MorganGenerator
[02:08:53] DEPRECATION WARNING: please use MorganGenerator
[02:08:53] DEPRECATION WARNING: please use MorganGenerator
[02:08:53] DEPRECATION WARNING: please use MorganGenerator
[02:08:53] DEPRECATION WARNING: please use MorganGenerator
[02:08:53] DEPRECATION WARNING: please use MorganGenerator
[02:08:53] DEPRECATION WARNING: please use MorganGenerator
[02:08:53] DEPRECATION WARNING: please use MorganGenerator
[02:08:53] DEPRECATION WARNING: please use MorganGenerator
[02:08:53] DEPRECATION WARNING: please use MorganGenerator
[02:08:53] DEPRECATION WARNING: please use MorganGenerator
[02:08:53] DEPRECATION WARNING: please use MorganGenerator
[02:08:53] DEPRECATION WARNING: please use MorganGenerator
[02:08:53] DEPRECATION WARNING: please use MorganGenerator
[02:08:53] DEPRECATION WARNING: please use MorganGenerator
[02:08:53] DEPRECATION WARNING: please use MorganGenerator
[02:08:53] DEPRECATION WARNING: please use MorganGenerator
[02:08:53] DEPRECATION WARNING: please use MorganGenerator
[02:08:53] DEPRECATION WARNING: please use MorganGenerator
[02:08:53] DEPRECATION WARNING: please use MorganGenerator
[02:08:53] DEPRECATION WARNING: please use MorganGenerator
[02:08:53] DEPRECATION WARNING: please use MorganGenerator
[02:08:53] DEPRECATION WARNING: please use MorganGenerator
[02:08:53] DEPRECATION WARNING: please use MorganGenerator
[02:08:53] DEPRECATION WARNING: please use MorganGenerator
Generating Features:  82%|████████▏ | 1662/2039 [00:01<00:00, 937.10it/s][02:08:53] DEPRECATION WARNING: please use MorganGenerator
[02:08:53] DEPRECATION WARNING: please use MorganGenerator
[02:08:53] DEPRECATION WARNING: please use MorganGenerator
[02:08:53] DEPRECATION WARNING: please use MorganGenerator
[02:08:53] DEPRECATION WARNING: please use MorganGenerator
[02:08:53] DEPRECATION WARNING: please use MorganGenerator
[02:08:53] DEPRECATION WARNING: please use MorganGenerator
[02:08:53] DEPRECATION WARNING: please use MorganGenerator
[02:08:53] DEPRECATION WARNING: please use MorganGenerator
[02:08:53] DEPRECATION WARNING: please use MorganGenerator
[02:08:53] DEPRECATION WARNING: please use MorganGenerator
[02:08:53] DEPRECATION WARNING: please use MorganGenerator
[02:08:53] DEPRECATION WARNING: please use MorganGenerator
[02:08:53] DEPRECATION WARNING: please use MorganGenerator
[02:08:53] DEPRECATION WARNING: please use MorganGenerator
[02:08:53] DEPRECATION WARNING: please use MorganGenerator
[02:08:53] DEPRECATION WARNING: please use MorganGenerator
[02:08:53] DEPRECATION WARNING: please use MorganGenerator
[02:08:53] DEPRECATION WARNING: please use MorganGenerator
[02:08:53] DEPRECATION WARNING: please use MorganGenerator
[02:08:53] DEPRECATION WARNING: please use MorganGenerator
[02:08:53] DEPRECATION WARNING: please use MorganGenerator
[02:08:53] DEPRECATION WARNING: please use MorganGenerator
[02:08:53] DEPRECATION WARNING: please use MorganGenerator
[02:08:53] DEPRECATION WARNING: please use MorganGenerator
[02:08:53] DEPRECATION WARNING: please use MorganGenerator
[02:08:53] DEPRECATION WARNING: please use MorganGenerator
[02:08:53] DEPRECATION WARNING: please use MorganGenerator
[02:08:53] DEPRECATION WARNING: please use MorganGenerator
[02:08:53] DEPRECATION WARNING: please use MorganGenerator
[02:08:53] DEPRECATION WARNING: please use MorganGenerator
[02:08:53] DEPRECATION WARNING: please use MorganGenerator
[02:08:53] DEPRECATION WARNING: please use MorganGenerator
[02:08:53] DEPRECATION WARNING: please use MorganGenerator
[02:08:53] WARNING: not removing hydrogen atom without neighbors
[02:08:53] DEPRECATION WARNING: please use MorganGenerator
[02:08:53] DEPRECATION WARNING: please use MorganGenerator
[02:08:53] DEPRECATION WARNING: please use MorganGenerator
[02:08:53] DEPRECATION WARNING: please use MorganGenerator
[02:08:53] DEPRECATION WARNING: please use MorganGenerator
[02:08:53] WARNING: not removing hydrogen atom without neighbors
[02:08:53] DEPRECATION WARNING: please use MorganGenerator
[02:08:53] DEPRECATION WARNING: please use MorganGenerator
[02:08:53] DEPRECATION WARNING: please use MorganGenerator
[02:08:53] DEPRECATION WARNING: please use MorganGenerator
[02:08:53] DEPRECATION WARNING: please use MorganGenerator
[02:08:53] DEPRECATION WARNING: please use MorganGenerator
[02:08:53] DEPRECATION WARNING: please use MorganGenerator
[02:08:53] DEPRECATION WARNING: please use MorganGenerator
[02:08:53] DEPRECATION WARNING: please use MorganGenerator
[02:08:53] DEPRECATION WARNING: please use MorganGenerator
[02:08:53] DEPRECATION WARNING: please use MorganGenerator
[02:08:53] DEPRECATION WARNING: please use MorganGenerator
[02:08:53] DEPRECATION WARNING: please use MorganGenerator
[02:08:53] DEPRECATION WARNING: please use MorganGenerator
[02:08:53] DEPRECATION WARNING: please use MorganGenerator
[02:08:53] DEPRECATION WARNING: please use MorganGenerator
[02:08:53] DEPRECATION WARNING: please use MorganGenerator
[02:08:53] DEPRECATION WARNING: please use MorganGenerator
[02:08:53] DEPRECATION WARNING: please use MorganGenerator
[02:08:53] DEPRECATION WARNING: please use MorganGenerator
[02:08:53] DEPRECATION WARNING: please use MorganGenerator
[02:08:53] DEPRECATION WARNING: please use MorganGenerator
[02:08:53] WARNING: not removing hydrogen atom without neighbors
[02:08:53] DEPRECATION WARNING: please use MorganGenerator
[02:08:53] DEPRECATION WARNING: please use MorganGenerator
[02:08:53] DEPRECATION WARNING: please use MorganGenerator
[02:08:53] DEPRECATION WARNING: please use MorganGenerator
[02:08:53] DEPRECATION WARNING: please use MorganGenerator
[02:08:53] DEPRECATION WARNING: please use MorganGenerator
[02:08:53] DEPRECATION WARNING: please use MorganGenerator
[02:08:53] DEPRECATION WARNING: please use MorganGenerator
[02:08:53] DEPRECATION WARNING: please use MorganGenerator
[02:08:53] DEPRECATION WARNING: please use MorganGenerator
[02:08:53] DEPRECATION WARNING: please use MorganGenerator
[02:08:53] DEPRECATION WARNING: please use MorganGenerator
[02:08:53] DEPRECATION WARNING: please use MorganGenerator
[02:08:53] DEPRECATION WARNING: please use MorganGenerator
[02:08:53] DEPRECATION WARNING: please use MorganGenerator
[02:08:53] DEPRECATION WARNING: please use MorganGenerator
[02:08:53] DEPRECATION WARNING: please use MorganGenerator
[02:08:53] DEPRECATION WARNING: please use MorganGenerator
[02:08:53] DEPRECATION WARNING: please use MorganGenerator
[02:08:53] DEPRECATION WARNING: please use MorganGenerator
[02:08:53] DEPRECATION WARNING: please use MorganGenerator
[02:08:53] DEPRECATION WARNING: please use MorganGenerator
[02:08:53] DEPRECATION WARNING: please use MorganGenerator
[02:08:53] DEPRECATION WARNING: please use MorganGenerator
[02:08:53] DEPRECATION WARNING: please use MorganGenerator
[02:08:53] DEPRECATION WARNING: please use MorganGenerator
[02:08:53] DEPRECATION WARNING: please use MorganGenerator
[02:08:53] DEPRECATION WARNING: please use MorganGenerator
[02:08:53] DEPRECATION WARNING: please use MorganGenerator
[02:08:53] DEPRECATION WARNING: please use MorganGenerator
[02:08:53] DEPRECATION WARNING: please use MorganGenerator
[02:08:53] DEPRECATION WARNING: please use MorganGenerator
[02:08:53] DEPRECATION WARNING: please use MorganGenerator
[02:08:53] DEPRECATION WARNING: please use MorganGenerator
[02:08:53] DEPRECATION WARNING: please use MorganGenerator
[02:08:53] DEPRECATION WARNING: please use MorganGenerator
Generating Features:  86%|████████▋ | 1759/2039 [00:01<00:00, 946.27it/s][02:08:53] DEPRECATION WARNING: please use MorganGenerator
[02:08:53] DEPRECATION WARNING: please use MorganGenerator
[02:08:53] DEPRECATION WARNING: please use MorganGenerator
[02:08:53] DEPRECATION WARNING: please use MorganGenerator
[02:08:53] DEPRECATION WARNING: please use MorganGenerator
[02:08:53] DEPRECATION WARNING: please use MorganGenerator
[02:08:53] DEPRECATION WARNING: please use MorganGenerator
[02:08:53] DEPRECATION WARNING: please use MorganGenerator
[02:08:53] WARNING: not removing hydrogen atom without neighbors
[02:08:53] DEPRECATION WARNING: please use MorganGenerator
[02:08:53] DEPRECATION WARNING: please use MorganGenerator
[02:08:53] DEPRECATION WARNING: please use MorganGenerator
[02:08:53] DEPRECATION WARNING: please use MorganGenerator
[02:08:53] DEPRECATION WARNING: please use MorganGenerator
[02:08:53] DEPRECATION WARNING: please use MorganGenerator
[02:08:53] DEPRECATION WARNING: please use MorganGenerator
[02:08:53] DEPRECATION WARNING: please use MorganGenerator
[02:08:53] DEPRECATION WARNING: please use MorganGenerator
[02:08:53] DEPRECATION WARNING: please use MorganGenerator
[02:08:53] DEPRECATION WARNING: please use MorganGenerator
[02:08:53] DEPRECATION WARNING: please use MorganGenerator
[02:08:53] DEPRECATION WARNING: please use MorganGenerator
[02:08:53] DEPRECATION WARNING: please use MorganGenerator
[02:08:53] DEPRECATION WARNING: please use MorganGenerator
[02:08:53] DEPRECATION WARNING: please use MorganGenerator
[02:08:53] DEPRECATION WARNING: please use MorganGenerator
[02:08:53] DEPRECATION WARNING: please use MorganGenerator
[02:08:53] DEPRECATION WARNING: please use MorganGenerator
[02:08:53] DEPRECATION WARNING: please use MorganGenerator
[02:08:53] DEPRECATION WARNING: please use MorganGenerator
[02:08:53] DEPRECATION WARNING: please use MorganGenerator
[02:08:53] DEPRECATION WARNING: please use MorganGenerator
[02:08:53] DEPRECATION WARNING: please use MorganGenerator
[02:08:53] DEPRECATION WARNING: please use MorganGenerator
[02:08:53] DEPRECATION WARNING: please use MorganGenerator
[02:08:53] DEPRECATION WARNING: please use MorganGenerator
[02:08:53] DEPRECATION WARNING: please use MorganGenerator
[02:08:53] DEPRECATION WARNING: please use MorganGenerator
[02:08:53] DEPRECATION WARNING: please use MorganGenerator
[02:08:53] DEPRECATION WARNING: please use MorganGenerator
[02:08:53] WARNING: not removing hydrogen atom without neighbors
[02:08:53] DEPRECATION WARNING: please use MorganGenerator
[02:08:53] DEPRECATION WARNING: please use MorganGenerator
[02:08:53] DEPRECATION WARNING: please use MorganGenerator
[02:08:53] DEPRECATION WARNING: please use MorganGenerator
[02:08:53] DEPRECATION WARNING: please use MorganGenerator
[02:08:53] DEPRECATION WARNING: please use MorganGenerator
[02:08:53] DEPRECATION WARNING: please use MorganGenerator
[02:08:53] DEPRECATION WARNING: please use MorganGenerator
[02:08:53] DEPRECATION WARNING: please use MorganGenerator
[02:08:53] DEPRECATION WARNING: please use MorganGenerator
[02:08:53] DEPRECATION WARNING: please use MorganGenerator
[02:08:53] DEPRECATION WARNING: please use MorganGenerator
[02:08:53] DEPRECATION WARNING: please use MorganGenerator
[02:08:53] DEPRECATION WARNING: please use MorganGenerator
[02:08:53] DEPRECATION WARNING: please use MorganGenerator
[02:08:53] DEPRECATION WARNING: please use MorganGenerator
[02:08:53] DEPRECATION WARNING: please use MorganGenerator
[02:08:53] DEPRECATION WARNING: please use MorganGenerator
[02:08:53] DEPRECATION WARNING: please use MorganGenerator
[02:08:53] DEPRECATION WARNING: please use MorganGenerator
[02:08:53] DEPRECATION WARNING: please use MorganGenerator
[02:08:53] DEPRECATION WARNING: please use MorganGenerator
[02:08:53] DEPRECATION WARNING: please use MorganGenerator
[02:08:53] DEPRECATION WARNING: please use MorganGenerator
[02:08:53] DEPRECATION WARNING: please use MorganGenerator
[02:08:53] DEPRECATION WARNING: please use MorganGenerator
[02:08:53] DEPRECATION WARNING: please use MorganGenerator
[02:08:53] DEPRECATION WARNING: please use MorganGenerator
[02:08:53] DEPRECATION WARNING: please use MorganGenerator
[02:08:53] DEPRECATION WARNING: please use MorganGenerator
[02:08:53] DEPRECATION WARNING: please use MorganGenerator
[02:08:53] DEPRECATION WARNING: please use MorganGenerator
[02:08:53] DEPRECATION WARNING: please use MorganGenerator
[02:08:53] DEPRECATION WARNING: please use MorganGenerator
[02:08:53] DEPRECATION WARNING: please use MorganGenerator
[02:08:53] DEPRECATION WARNING: please use MorganGenerator
[02:08:53] DEPRECATION WARNING: please use MorganGenerator
[02:08:53] DEPRECATION WARNING: please use MorganGenerator
[02:08:53] DEPRECATION WARNING: please use MorganGenerator
[02:08:53] DEPRECATION WARNING: please use MorganGenerator
[02:08:53] DEPRECATION WARNING: please use MorganGenerator
[02:08:53] DEPRECATION WARNING: please use MorganGenerator
[02:08:53] DEPRECATION WARNING: please use MorganGenerator
[02:08:53] DEPRECATION WARNING: please use MorganGenerator
[02:08:53] DEPRECATION WARNING: please use MorganGenerator
[02:08:53] DEPRECATION WARNING: please use MorganGenerator
[02:08:53] DEPRECATION WARNING: please use MorganGenerator
[02:08:53] DEPRECATION WARNING: please use MorganGenerator
[02:08:53] DEPRECATION WARNING: please use MorganGenerator
[02:08:53] DEPRECATION WARNING: please use MorganGenerator
[02:08:53] DEPRECATION WARNING: please use MorganGenerator
[02:08:53] DEPRECATION WARNING: please use MorganGenerator
[02:08:53] DEPRECATION WARNING: please use MorganGenerator
[02:08:53] DEPRECATION WARNING: please use MorganGenerator
[02:08:53] DEPRECATION WARNING: please use MorganGenerator
[02:08:53] DEPRECATION WARNING: please use MorganGenerator
Generating Features:  91%|█████████ | 1854/2039 [00:02<00:00, 905.15it/s][02:08:53] DEPRECATION WARNING: please use MorganGenerator
[02:08:53] DEPRECATION WARNING: please use MorganGenerator
[02:08:53] DEPRECATION WARNING: please use MorganGenerator
[02:08:53] DEPRECATION WARNING: please use MorganGenerator
[02:08:53] DEPRECATION WARNING: please use MorganGenerator
[02:08:53] DEPRECATION WARNING: please use MorganGenerator
[02:08:53] DEPRECATION WARNING: please use MorganGenerator
[02:08:53] DEPRECATION WARNING: please use MorganGenerator
[02:08:53] DEPRECATION WARNING: please use MorganGenerator
[02:08:53] DEPRECATION WARNING: please use MorganGenerator
[02:08:53] DEPRECATION WARNING: please use MorganGenerator
[02:08:53] DEPRECATION WARNING: please use MorganGenerator
[02:08:53] DEPRECATION WARNING: please use MorganGenerator
[02:08:53] DEPRECATION WARNING: please use MorganGenerator
[02:08:53] DEPRECATION WARNING: please use MorganGenerator
[02:08:53] DEPRECATION WARNING: please use MorganGenerator
[02:08:53] DEPRECATION WARNING: please use MorganGenerator
[02:08:53] DEPRECATION WARNING: please use MorganGenerator
[02:08:53] DEPRECATION WARNING: please use MorganGenerator
[02:08:53] DEPRECATION WARNING: please use MorganGenerator
[02:08:53] DEPRECATION WARNING: please use MorganGenerator
[02:08:53] DEPRECATION WARNING: please use MorganGenerator
[02:08:53] DEPRECATION WARNING: please use MorganGenerator
[02:08:53] DEPRECATION WARNING: please use MorganGenerator
[02:08:53] DEPRECATION WARNING: please use MorganGenerator
[02:08:53] DEPRECATION WARNING: please use MorganGenerator
[02:08:53] DEPRECATION WARNING: please use MorganGenerator
[02:08:53] DEPRECATION WARNING: please use MorganGenerator
[02:08:53] DEPRECATION WARNING: please use MorganGenerator
[02:08:53] DEPRECATION WARNING: please use MorganGenerator
[02:08:53] DEPRECATION WARNING: please use MorganGenerator
[02:08:53] DEPRECATION WARNING: please use MorganGenerator
[02:08:53] DEPRECATION WARNING: please use MorganGenerator
[02:08:53] DEPRECATION WARNING: please use MorganGenerator
[02:08:53] DEPRECATION WARNING: please use MorganGenerator
[02:08:53] DEPRECATION WARNING: please use MorganGenerator
[02:08:53] DEPRECATION WARNING: please use MorganGenerator
[02:08:53] DEPRECATION WARNING: please use MorganGenerator
[02:08:53] DEPRECATION WARNING: please use MorganGenerator
[02:08:53] DEPRECATION WARNING: please use MorganGenerator
[02:08:53] DEPRECATION WARNING: please use MorganGenerator
[02:08:53] DEPRECATION WARNING: please use MorganGenerator
[02:08:53] DEPRECATION WARNING: please use MorganGenerator
[02:08:53] DEPRECATION WARNING: please use MorganGenerator
[02:08:53] DEPRECATION WARNING: please use MorganGenerator
[02:08:53] DEPRECATION WARNING: please use MorganGenerator
[02:08:53] DEPRECATION WARNING: please use MorganGenerator
[02:08:53] DEPRECATION WARNING: please use MorganGenerator
[02:08:53] DEPRECATION WARNING: please use MorganGenerator
[02:08:53] DEPRECATION WARNING: please use MorganGenerator
[02:08:53] WARNING: not removing hydrogen atom without neighbors
[02:08:53] DEPRECATION WARNING: please use MorganGenerator
[02:08:53] DEPRECATION WARNING: please use MorganGenerator
[02:08:53] DEPRECATION WARNING: please use MorganGenerator
[02:08:53] DEPRECATION WARNING: please use MorganGenerator
[02:08:53] DEPRECATION WARNING: please use MorganGenerator
[02:08:53] DEPRECATION WARNING: please use MorganGenerator
[02:08:53] DEPRECATION WARNING: please use MorganGenerator
[02:08:53] DEPRECATION WARNING: please use MorganGenerator
[02:08:53] DEPRECATION WARNING: please use MorganGenerator
[02:08:53] DEPRECATION WARNING: please use MorganGenerator
[02:08:53] DEPRECATION WARNING: please use MorganGenerator
[02:08:53] DEPRECATION WARNING: please use MorganGenerator
[02:08:53] DEPRECATION WARNING: please use MorganGenerator
[02:08:53] DEPRECATION WARNING: please use MorganGenerator
[02:08:53] DEPRECATION WARNING: please use MorganGenerator
[02:08:53] DEPRECATION WARNING: please use MorganGenerator
[02:08:53] DEPRECATION WARNING: please use MorganGenerator
[02:08:53] DEPRECATION WARNING: please use MorganGenerator
[02:08:53] DEPRECATION WARNING: please use MorganGenerator
[02:08:53] DEPRECATION WARNING: please use MorganGenerator
[02:08:53] DEPRECATION WARNING: please use MorganGenerator
[02:08:53] DEPRECATION WARNING: please use MorganGenerator
[02:08:53] DEPRECATION WARNING: please use MorganGenerator
[02:08:53] DEPRECATION WARNING: please use MorganGenerator
[02:08:53] DEPRECATION WARNING: please use MorganGenerator
[02:08:53] DEPRECATION WARNING: please use MorganGenerator
[02:08:53] DEPRECATION WARNING: please use MorganGenerator
[02:08:53] DEPRECATION WARNING: please use MorganGenerator
[02:08:53] DEPRECATION WARNING: please use MorganGenerator
[02:08:53] DEPRECATION WARNING: please use MorganGenerator
[02:08:53] DEPRECATION WARNING: please use MorganGenerator
[02:08:53] DEPRECATION WARNING: please use MorganGenerator
[02:08:53] DEPRECATION WARNING: please use MorganGenerator
[02:08:53] DEPRECATION WARNING: please use MorganGenerator
[02:08:53] DEPRECATION WARNING: please use MorganGenerator
[02:08:53] DEPRECATION WARNING: please use MorganGenerator
[02:08:53] DEPRECATION WARNING: please use MorganGenerator
[02:08:53] DEPRECATION WARNING: please use MorganGenerator
[02:08:53] DEPRECATION WARNING: please use MorganGenerator
[02:08:53] DEPRECATION WARNING: please use MorganGenerator
[02:08:53] DEPRECATION WARNING: please use MorganGenerator
[02:08:53] DEPRECATION WARNING: please use MorganGenerator
[02:08:53] DEPRECATION WARNING: please use MorganGenerator
[02:08:53] DEPRECATION WARNING: please use MorganGenerator
[02:08:53] DEPRECATION WARNING: please use MorganGenerator
[02:08:53] DEPRECATION WARNING: please use MorganGenerator
[02:08:53] DEPRECATION WARNING: please use MorganGenerator
[02:08:53] DEPRECATION WARNING: please use MorganGenerator
[02:08:53] DEPRECATION WARNING: please use MorganGenerator
[02:08:53] DEPRECATION WARNING: please use MorganGenerator
[02:08:53] DEPRECATION WARNING: please use MorganGenerator
[02:08:53] DEPRECATION WARNING: please use MorganGenerator
Generating Features:  96%|█████████▌| 1956/2039 [00:02<00:00, 936.76it/s][02:08:53] DEPRECATION WARNING: please use MorganGenerator
[02:08:53] DEPRECATION WARNING: please use MorganGenerator
[02:08:53] DEPRECATION WARNING: please use MorganGenerator
[02:08:53] DEPRECATION WARNING: please use MorganGenerator
[02:08:53] DEPRECATION WARNING: please use MorganGenerator
[02:08:53] DEPRECATION WARNING: please use MorganGenerator
[02:08:53] DEPRECATION WARNING: please use MorganGenerator
[02:08:53] DEPRECATION WARNING: please use MorganGenerator
[02:08:53] DEPRECATION WARNING: please use MorganGenerator
[02:08:53] DEPRECATION WARNING: please use MorganGenerator
[02:08:53] DEPRECATION WARNING: please use MorganGenerator
[02:08:53] DEPRECATION WARNING: please use MorganGenerator
[02:08:53] DEPRECATION WARNING: please use MorganGenerator
[02:08:53] DEPRECATION WARNING: please use MorganGenerator
[02:08:54] DEPRECATION WARNING: please use MorganGenerator
[02:08:54] DEPRECATION WARNING: please use MorganGenerator
[02:08:54] DEPRECATION WARNING: please use MorganGenerator
[02:08:54] DEPRECATION WARNING: please use MorganGenerator
[02:08:54] DEPRECATION WARNING: please use MorganGenerator
[02:08:54] DEPRECATION WARNING: please use MorganGenerator
[02:08:54] DEPRECATION WARNING: please use MorganGenerator
[02:08:54] WARNING: not removing hydrogen atom without neighbors
[02:08:54] DEPRECATION WARNING: please use MorganGenerator
[02:08:54] DEPRECATION WARNING: please use MorganGenerator
[02:08:54] DEPRECATION WARNING: please use MorganGenerator
[02:08:54] DEPRECATION WARNING: please use MorganGenerator
[02:08:54] DEPRECATION WARNING: please use MorganGenerator
[02:08:54] DEPRECATION WARNING: please use MorganGenerator
[02:08:54] DEPRECATION WARNING: please use MorganGenerator
[02:08:54] DEPRECATION WARNING: please use MorganGenerator
[02:08:54] DEPRECATION WARNING: please use MorganGenerator
[02:08:54] DEPRECATION WARNING: please use MorganGenerator
[02:08:54] DEPRECATION WARNING: please use MorganGenerator
[02:08:54] DEPRECATION WARNING: please use MorganGenerator
[02:08:54] DEPRECATION WARNING: please use MorganGenerator
[02:08:54] DEPRECATION WARNING: please use MorganGenerator
[02:08:54] DEPRECATION WARNING: please use MorganGenerator
[02:08:54] DEPRECATION WARNING: please use MorganGenerator
[02:08:54] DEPRECATION WARNING: please use MorganGenerator
[02:08:54] DEPRECATION WARNING: please use MorganGenerator
[02:08:54] DEPRECATION WARNING: please use MorganGenerator
[02:08:54] DEPRECATION WARNING: please use MorganGenerator
[02:08:54] DEPRECATION WARNING: please use MorganGenerator
[02:08:54] DEPRECATION WARNING: please use MorganGenerator
[02:08:54] DEPRECATION WARNING: please use MorganGenerator
[02:08:54] DEPRECATION WARNING: please use MorganGenerator
[02:08:54] DEPRECATION WARNING: please use MorganGenerator
[02:08:54] DEPRECATION WARNING: please use MorganGenerator
[02:08:54] DEPRECATION WARNING: please use MorganGenerator
[02:08:54] DEPRECATION WARNING: please use MorganGenerator
[02:08:54] DEPRECATION WARNING: please use MorganGenerator
[02:08:54] DEPRECATION WARNING: please use MorganGenerator
[02:08:54] DEPRECATION WARNING: please use MorganGenerator
[02:08:54] DEPRECATION WARNING: please use MorganGenerator
[02:08:54] DEPRECATION WARNING: please use MorganGenerator
[02:08:54] DEPRECATION WARNING: please use MorganGenerator
[02:08:54] DEPRECATION WARNING: please use MorganGenerator
[02:08:54] DEPRECATION WARNING: please use MorganGenerator
[02:08:54] DEPRECATION WARNING: please use MorganGenerator
[02:08:54] DEPRECATION WARNING: please use MorganGenerator
[02:08:54] DEPRECATION WARNING: please use MorganGenerator
[02:08:54] DEPRECATION WARNING: please use MorganGenerator
[02:08:54] DEPRECATION WARNING: please use MorganGenerator
[02:08:54] DEPRECATION WARNING: please use MorganGenerator
[02:08:54] DEPRECATION WARNING: please use MorganGenerator
[02:08:54] DEPRECATION WARNING: please use MorganGenerator
[02:08:54] DEPRECATION WARNING: please use MorganGenerator
[02:08:54] DEPRECATION WARNING: please use MorganGenerator
[02:08:54] DEPRECATION WARNING: please use MorganGenerator
[02:08:54] DEPRECATION WARNING: please use MorganGenerator
[02:08:54] DEPRECATION WARNING: please use MorganGenerator
[02:08:54] DEPRECATION WARNING: please use MorganGenerator
[02:08:54] DEPRECATION WARNING: please use MorganGenerator
[02:08:54] DEPRECATION WARNING: please use MorganGenerator
[02:08:54] DEPRECATION WARNING: please use MorganGenerator
[02:08:54] DEPRECATION WARNING: please use MorganGenerator
[02:08:54] DEPRECATION WARNING: please use MorganGenerator
[02:08:54] DEPRECATION WARNING: please use MorganGenerator
[02:08:54] DEPRECATION WARNING: please use MorganGenerator
[02:08:54] DEPRECATION WARNING: please use MorganGenerator
[02:08:54] DEPRECATION WARNING: please use MorganGenerator
[02:08:54] DEPRECATION WARNING: please use MorganGenerator
[02:08:54] DEPRECATION WARNING: please use MorganGenerator
[02:08:54] DEPRECATION WARNING: please use MorganGenerator
Generating Features: 100%|██████████| 2039/2039 [00:02<00:00, 921.76it/s]
  로드 완료: 2039개 샘플 | feature_dim=3494 | 3.6s
  Feature dims: {'ecfp': 1024, 'maccs': 166, 'avalon': 512, 'scage1': 512, 'scage2': 512, 'mole': 768}

[Step 2] HPO seed별 split 준비 (seeds=[42, 600, 900])
[02:08:54] WARNING: not removing hydrogen atom without neighbors
[02:08:54] WARNING: not removing hydrogen atom without neighbors
[02:08:54] WARNING: not removing hydrogen atom without neighbors
[02:08:54] WARNING: not removing hydrogen atom without neighbors
[02:08:54] WARNING: not removing hydrogen atom without neighbors
[02:08:54] WARNING: not removing hydrogen atom without neighbors
[02:08:54] WARNING: not removing hydrogen atom without neighbors
[02:08:54] WARNING: not removing hydrogen atom without neighbors
[02:08:54] WARNING: not removing hydrogen atom without neighbors
[02:08:54] WARNING: not removing hydrogen atom without neighbors
[02:08:54] WARNING: not removing hydrogen atom without neighbors
[02:08:54] WARNING: not removing hydrogen atom without neighbors
[02:08:54] WARNING: not removing hydrogen atom without neighbors
[02:08:54] WARNING: not removing hydrogen atom without neighbors
[02:08:54] WARNING: not removing hydrogen atom without neighbors
[02:08:54] WARNING: not removing hydrogen atom without neighbors
[02:08:54] WARNING: not removing hydrogen atom without neighbors
[02:08:54] WARNING: not removing hydrogen atom without neighbors
[02:08:54] WARNING: not removing hydrogen atom without neighbors
[02:08:54] WARNING: not removing hydrogen atom without neighbors
[02:08:54] WARNING: not removing hydrogen atom without neighbors
[02:08:54] WARNING: not removing hydrogen atom without neighbors
[02:08:54] WARNING: not removing hydrogen atom without neighbors
[02:08:54] WARNING: not removing hydrogen atom without neighbors
[02:08:54] WARNING: not removing hydrogen atom without neighbors
[02:08:54] WARNING: not removing hydrogen atom without neighbors
[02:08:54] WARNING: not removing hydrogen atom without neighbors
[02:08:54] WARNING: not removing hydrogen atom without neighbors
[02:08:54] WARNING: not removing hydrogen atom without neighbors
[02:08:54] WARNING: not removing hydrogen atom without neighbors
[02:08:54] WARNING: not removing hydrogen atom without neighbors
[02:08:54] WARNING: not removing hydrogen atom without neighbors
[02:08:54] WARNING: not removing hydrogen atom without neighbors
[02:08:54] WARNING: not removing hydrogen atom without neighbors
[02:08:54] WARNING: not removing hydrogen atom without neighbors
[02:08:54] WARNING: not removing hydrogen atom without neighbors
[02:08:54] WARNING: not removing hydrogen atom without neighbors
[02:08:54] WARNING: not removing hydrogen atom without neighbors
[02:08:54] WARNING: not removing hydrogen atom without neighbors
[02:08:54] WARNING: not removing hydrogen atom without neighbors
  Seed 42: train=1631, val=204
[02:08:54] WARNING: not removing hydrogen atom without neighbors
[02:08:54] WARNING: not removing hydrogen atom without neighbors
[02:08:54] WARNING: not removing hydrogen atom without neighbors
[02:08:54] WARNING: not removing hydrogen atom without neighbors
[02:08:54] WARNING: not removing hydrogen atom without neighbors
[02:08:54] WARNING: not removing hydrogen atom without neighbors
[02:08:54] WARNING: not removing hydrogen atom without neighbors
[02:08:54] WARNING: not removing hydrogen atom without neighbors
[02:08:54] WARNING: not removing hydrogen atom without neighbors
[02:08:54] WARNING: not removing hydrogen atom without neighbors
[02:08:54] WARNING: not removing hydrogen atom without neighbors
[02:08:54] WARNING: not removing hydrogen atom without neighbors
[02:08:54] WARNING: not removing hydrogen atom without neighbors
[02:08:54] WARNING: not removing hydrogen atom without neighbors
[02:08:54] WARNING: not removing hydrogen atom without neighbors
[02:08:54] WARNING: not removing hydrogen atom without neighbors
[02:08:54] WARNING: not removing hydrogen atom without neighbors
[02:08:54] WARNING: not removing hydrogen atom without neighbors
[02:08:54] WARNING: not removing hydrogen atom without neighbors
[02:08:54] WARNING: not removing hydrogen atom without neighbors
[02:08:54] WARNING: not removing hydrogen atom without neighbors
[02:08:54] WARNING: not removing hydrogen atom without neighbors
[02:08:54] WARNING: not removing hydrogen atom without neighbors
[02:08:54] WARNING: not removing hydrogen atom without neighbors
[02:08:54] WARNING: not removing hydrogen atom without neighbors
[02:08:54] WARNING: not removing hydrogen atom without neighbors
[02:08:54] WARNING: not removing hydrogen atom without neighbors
[02:08:54] WARNING: not removing hydrogen atom without neighbors
[02:08:54] WARNING: not removing hydrogen atom without neighbors
[02:08:54] WARNING: not removing hydrogen atom without neighbors
[02:08:54] WARNING: not removing hydrogen atom without neighbors
[02:08:54] WARNING: not removing hydrogen atom without neighbors
[02:08:54] WARNING: not removing hydrogen atom without neighbors
[02:08:54] WARNING: not removing hydrogen atom without neighbors
[02:08:54] WARNING: not removing hydrogen atom without neighbors
[02:08:54] WARNING: not removing hydrogen atom without neighbors
[02:08:54] WARNING: not removing hydrogen atom without neighbors
[02:08:54] WARNING: not removing hydrogen atom without neighbors
[02:08:54] WARNING: not removing hydrogen atom without neighbors
[02:08:54] WARNING: not removing hydrogen atom without neighbors
  Seed 600: train=1631, val=204
[02:08:54] WARNING: not removing hydrogen atom without neighbors
[02:08:54] WARNING: not removing hydrogen atom without neighbors
[02:08:54] WARNING: not removing hydrogen atom without neighbors
[02:08:54] WARNING: not removing hydrogen atom without neighbors
[02:08:54] WARNING: not removing hydrogen atom without neighbors
[02:08:54] WARNING: not removing hydrogen atom without neighbors
[02:08:54] WARNING: not removing hydrogen atom without neighbors
[02:08:54] WARNING: not removing hydrogen atom without neighbors
[02:08:54] WARNING: not removing hydrogen atom without neighbors
[02:08:54] WARNING: not removing hydrogen atom without neighbors
[02:08:54] WARNING: not removing hydrogen atom without neighbors
[02:08:54] WARNING: not removing hydrogen atom without neighbors
[02:08:54] WARNING: not removing hydrogen atom without neighbors
[02:08:54] WARNING: not removing hydrogen atom without neighbors
[02:08:54] WARNING: not removing hydrogen atom without neighbors
[02:08:54] WARNING: not removing hydrogen atom without neighbors
[02:08:54] WARNING: not removing hydrogen atom without neighbors
[02:08:54] WARNING: not removing hydrogen atom without neighbors
[02:08:55] WARNING: not removing hydrogen atom without neighbors
[02:08:55] WARNING: not removing hydrogen atom without neighbors
[02:08:55] WARNING: not removing hydrogen atom without neighbors
[02:08:55] WARNING: not removing hydrogen atom without neighbors
[02:08:55] WARNING: not removing hydrogen atom without neighbors
[02:08:55] WARNING: not removing hydrogen atom without neighbors
[02:08:55] WARNING: not removing hydrogen atom without neighbors
[02:08:55] WARNING: not removing hydrogen atom without neighbors
[02:08:55] WARNING: not removing hydrogen atom without neighbors
[02:08:55] WARNING: not removing hydrogen atom without neighbors
[02:08:55] WARNING: not removing hydrogen atom without neighbors
[02:08:55] WARNING: not removing hydrogen atom without neighbors
[02:08:55] WARNING: not removing hydrogen atom without neighbors
[02:08:55] WARNING: not removing hydrogen atom without neighbors
[02:08:55] WARNING: not removing hydrogen atom without neighbors
[02:08:55] WARNING: not removing hydrogen atom without neighbors
[02:08:55] WARNING: not removing hydrogen atom without neighbors
[02:08:55] WARNING: not removing hydrogen atom without neighbors
[02:08:55] WARNING: not removing hydrogen atom without neighbors
[02:08:55] WARNING: not removing hydrogen atom without neighbors
[02:08:55] WARNING: not removing hydrogen atom without neighbors
[02:08:55] WARNING: not removing hydrogen atom without neighbors
  Seed 900: train=1631, val=204

[Step 2] Optuna HPO 시작 (n_trials=150, seeds=[42, 600, 900])
[I 2026-03-31 02:08:55,396] Using an existing study with name 'project2_hpo_multiseed' instead of creating a new one.
  이미 150개 COMPLETE trial 완료 — HPO 스킵

================================================================================
Best val AUC-ROC (avg 3 seeds): 0.8986
Best Hyperparameters:
  d_model: 256
  depth: 6
  ffn_multiplier: 2
  dropout: 0.09485329485745156
  lr: 9.418185726025043e-05
  weight_decay: 6.778460858477566e-05
  batch_size: 256
================================================================================

✅ FINAL_BEST_HPARAMS:
  d_model: 256
  d_ffn: 512
  depth: 6
  dropout: 0.09485329485745156
  lr: 9.418185726025043e-05
  weight_decay: 6.778460858477566e-05
  batch_size: 256
  → 저장: /home/minji/BBB/project2/best_hparams.json

[Step 4] 최종 평가 시작 (10 seeds × 2 splits = 20 runs)

################################################################################
### Split Mode: scaffold
################################################################################

  --- Seed: 42 ---
wandb: Currently logged in as: minzikim (minzikim-seoul-national-university) to https://api.wandb.ai. Use `wandb login --relogin` to force relogin
wandb: WARNING Using a boolean value for 'reinit' is deprecated. Use 'return_previous' or 'finish_previous' instead.
wandb: setting up run 1e2k3vm1
wandb: Tracking run with wandb version 0.22.3
wandb: Run data is saved locally in /home/minji/BBB/wandb/run-20260331_020856-1e2k3vm1
wandb: Run `wandb offline` to turn off syncing.
wandb: Syncing run earthy-rain-21
wandb: ⭐️ View project at https://wandb.ai/minzikim-seoul-national-university/MultiModal_GMLP_BBBP_Project2_Final
wandb: 🚀 View run at https://wandb.ai/minzikim-seoul-national-university/MultiModal_GMLP_BBBP_Project2_Final/runs/1e2k3vm1
[02:08:57] WARNING: not removing hydrogen atom without neighbors
[02:08:57] WARNING: not removing hydrogen atom without neighbors
[02:08:57] WARNING: not removing hydrogen atom without neighbors
[02:08:57] WARNING: not removing hydrogen atom without neighbors
[02:08:57] WARNING: not removing hydrogen atom without neighbors
[02:08:57] WARNING: not removing hydrogen atom without neighbors
[02:08:57] WARNING: not removing hydrogen atom without neighbors
[02:08:57] WARNING: not removing hydrogen atom without neighbors
[02:08:57] WARNING: not removing hydrogen atom without neighbors
[02:08:57] WARNING: not removing hydrogen atom without neighbors
[02:08:57] WARNING: not removing hydrogen atom without neighbors
[02:08:57] WARNING: not removing hydrogen atom without neighbors
[02:08:57] WARNING: not removing hydrogen atom without neighbors
[02:08:57] WARNING: not removing hydrogen atom without neighbors
[02:08:57] WARNING: not removing hydrogen atom without neighbors
[02:08:58] WARNING: not removing hydrogen atom without neighbors
[02:08:58] WARNING: not removing hydrogen atom without neighbors
[02:08:58] WARNING: not removing hydrogen atom without neighbors
[02:08:58] WARNING: not removing hydrogen atom without neighbors
[02:08:58] WARNING: not removing hydrogen atom without neighbors
[02:08:58] WARNING: not removing hydrogen atom without neighbors
[02:08:58] WARNING: not removing hydrogen atom without neighbors
[02:08:58] WARNING: not removing hydrogen atom without neighbors
[02:08:58] WARNING: not removing hydrogen atom without neighbors
[02:08:58] WARNING: not removing hydrogen atom without neighbors
[02:08:58] WARNING: not removing hydrogen atom without neighbors
[02:08:58] WARNING: not removing hydrogen atom without neighbors
[02:08:58] WARNING: not removing hydrogen atom without neighbors
[02:08:58] WARNING: not removing hydrogen atom without neighbors
[02:08:58] WARNING: not removing hydrogen atom without neighbors
[02:08:58] WARNING: not removing hydrogen atom without neighbors
[02:08:58] WARNING: not removing hydrogen atom without neighbors
[02:08:58] WARNING: not removing hydrogen atom without neighbors
[02:08:58] WARNING: not removing hydrogen atom without neighbors
[02:08:58] WARNING: not removing hydrogen atom without neighbors
[02:08:58] WARNING: not removing hydrogen atom without neighbors
[02:08:58] WARNING: not removing hydrogen atom without neighbors
[02:08:58] WARNING: not removing hydrogen atom without neighbors
[02:08:58] WARNING: not removing hydrogen atom without neighbors
[02:08:58] WARNING: not removing hydrogen atom without neighbors
wandb: uploading artifact gmlp_project2_scaffold_seed42; updating run metadata
wandb: uploading artifact gmlp_project2_scaffold_seed42; uploading wandb-summary.json
wandb: uploading artifact gmlp_project2_scaffold_seed42; uploading config.yaml
wandb: uploading artifact gmlp_project2_scaffold_seed42
wandb: uploading history steps 0-16, summary
wandb: 
wandb: Run history:
wandb:            epoch ▁▁▂▂▃▃▄▄▅▅▆▆▇▇██
wandb: epoch/train_loss █▅▄▄▃▂▂▂▁▁▁▁▁▁▁▁
wandb:   epoch/val_loss ▃▂▂▁▁▁▁▃▄▅▇▆▇▇██
wandb:    test/accuracy ▁
wandb:       test/auprc ▁
wandb:          test/f1 ▁
wandb:         test/mcc ▁
wandb:   test/precision ▁
wandb:      test/recall ▁
wandb:     test/roc_auc ▁
wandb:               +6 ...
wandb: 
wandb: Run summary:
wandb:            epoch 15
wandb: epoch/train_loss 0.01995
wandb:   epoch/val_loss 0.58855
wandb:    test/accuracy 0.8873
wandb:       test/auprc 0.9758
wandb:          test/f1 0.939
wandb:         test/mcc 0.2331
wandb:   test/precision 0.9077
wandb:      test/recall 0.9725
wandb:     test/roc_auc 0.8357
wandb:               +7 ...
wandb: 
wandb: 🚀 View run final_scaffold_seed42 at: https://wandb.ai/minzikim-seoul-national-university/MultiModal_GMLP_BBBP_Project2_Final/runs/1e2k3vm1
wandb: ⭐️ View project at: https://wandb.ai/minzikim-seoul-national-university/MultiModal_GMLP_BBBP_Project2_Final
wandb: Synced 4 W&B file(s), 0 media file(s), 3 artifact file(s) and 0 other file(s)
wandb: Find logs at: ./wandb/run-20260331_020856-1e2k3vm1/logs
  roc_auc=0.8357 | mcc=0.2331 | f1=0.9390

  --- Seed: 100 ---
wandb: setting up run it1bvd78
wandb: Tracking run with wandb version 0.22.3
wandb: Run data is saved locally in /home/minji/BBB/wandb/run-20260331_020912-it1bvd78
wandb: Run `wandb offline` to turn off syncing.
wandb: Syncing run whole-wood-22
wandb: ⭐️ View project at https://wandb.ai/minzikim-seoul-national-university/MultiModal_GMLP_BBBP_Project2_Final
wandb: 🚀 View run at https://wandb.ai/minzikim-seoul-national-university/MultiModal_GMLP_BBBP_Project2_Final/runs/it1bvd78
[02:09:13] WARNING: not removing hydrogen atom without neighbors
[02:09:13] WARNING: not removing hydrogen atom without neighbors
[02:09:13] WARNING: not removing hydrogen atom without neighbors
[02:09:13] WARNING: not removing hydrogen atom without neighbors
[02:09:13] WARNING: not removing hydrogen atom without neighbors
[02:09:13] WARNING: not removing hydrogen atom without neighbors
[02:09:13] WARNING: not removing hydrogen atom without neighbors
[02:09:13] WARNING: not removing hydrogen atom without neighbors
[02:09:13] WARNING: not removing hydrogen atom without neighbors
[02:09:13] WARNING: not removing hydrogen atom without neighbors
[02:09:13] WARNING: not removing hydrogen atom without neighbors
[02:09:13] WARNING: not removing hydrogen atom without neighbors
[02:09:13] WARNING: not removing hydrogen atom without neighbors
[02:09:13] WARNING: not removing hydrogen atom without neighbors
[02:09:13] WARNING: not removing hydrogen atom without neighbors
[02:09:13] WARNING: not removing hydrogen atom without neighbors
[02:09:13] WARNING: not removing hydrogen atom without neighbors
[02:09:13] WARNING: not removing hydrogen atom without neighbors
[02:09:13] WARNING: not removing hydrogen atom without neighbors
[02:09:14] WARNING: not removing hydrogen atom without neighbors
[02:09:14] WARNING: not removing hydrogen atom without neighbors
[02:09:14] WARNING: not removing hydrogen atom without neighbors
[02:09:14] WARNING: not removing hydrogen atom without neighbors
[02:09:14] WARNING: not removing hydrogen atom without neighbors
[02:09:14] WARNING: not removing hydrogen atom without neighbors
[02:09:14] WARNING: not removing hydrogen atom without neighbors
[02:09:14] WARNING: not removing hydrogen atom without neighbors
[02:09:14] WARNING: not removing hydrogen atom without neighbors
[02:09:14] WARNING: not removing hydrogen atom without neighbors
[02:09:14] WARNING: not removing hydrogen atom without neighbors
[02:09:14] WARNING: not removing hydrogen atom without neighbors
[02:09:14] WARNING: not removing hydrogen atom without neighbors
[02:09:14] WARNING: not removing hydrogen atom without neighbors
[02:09:14] WARNING: not removing hydrogen atom without neighbors
[02:09:14] WARNING: not removing hydrogen atom without neighbors
[02:09:14] WARNING: not removing hydrogen atom without neighbors
[02:09:14] WARNING: not removing hydrogen atom without neighbors
[02:09:14] WARNING: not removing hydrogen atom without neighbors
[02:09:14] WARNING: not removing hydrogen atom without neighbors
[02:09:14] WARNING: not removing hydrogen atom without neighbors
wandb: uploading artifact gmlp_project2_scaffold_seed100; updating run metadata
wandb: uploading artifact gmlp_project2_scaffold_seed100; uploading wandb-summary.json
wandb: uploading artifact gmlp_project2_scaffold_seed100
wandb: uploading history steps 0-16, summary
wandb: 
wandb: Run history:
wandb:            epoch ▁▁▂▂▃▃▄▄▅▅▆▆▇▇██
wandb: epoch/train_loss █▅▄▃▃▃▂▂▁▁▁▁▁▁▁▁
wandb:   epoch/val_loss ▂▁▁▂▁▁▁▂▃▄▅▆▇▇▇█
wandb:    test/accuracy ▁
wandb:       test/auprc ▁
wandb:          test/f1 ▁
wandb:         test/mcc ▁
wandb:   test/precision ▁
wandb:      test/recall ▁
wandb:     test/roc_auc ▁
wandb:               +6 ...
wandb: 
wandb: Run summary:
wandb:            epoch 15
wandb: epoch/train_loss 0.02124
wandb:   epoch/val_loss 0.6149
wandb:    test/accuracy 0.8725
wandb:       test/auprc 0.9765
wandb:          test/f1 0.9309
wandb:         test/mcc 0.1406
wandb:   test/precision 0.9021
wandb:      test/recall 0.9615
wandb:     test/roc_auc 0.8352
wandb:               +7 ...
wandb: 
wandb: 🚀 View run final_scaffold_seed100 at: https://wandb.ai/minzikim-seoul-national-university/MultiModal_GMLP_BBBP_Project2_Final/runs/it1bvd78
wandb: ⭐️ View project at: https://wandb.ai/minzikim-seoul-national-university/MultiModal_GMLP_BBBP_Project2_Final
wandb: Synced 4 W&B file(s), 0 media file(s), 3 artifact file(s) and 0 other file(s)
wandb: Find logs at: ./wandb/run-20260331_020912-it1bvd78/logs
  roc_auc=0.8352 | mcc=0.1406 | f1=0.9309

  --- Seed: 200 ---
wandb: setting up run 2sp8ziog
wandb: Tracking run with wandb version 0.22.3
wandb: Run data is saved locally in /home/minji/BBB/wandb/run-20260331_020925-2sp8ziog
wandb: Run `wandb offline` to turn off syncing.
wandb: Syncing run deep-forest-23
wandb: ⭐️ View project at https://wandb.ai/minzikim-seoul-national-university/MultiModal_GMLP_BBBP_Project2_Final
wandb: 🚀 View run at https://wandb.ai/minzikim-seoul-national-university/MultiModal_GMLP_BBBP_Project2_Final/runs/2sp8ziog
[02:09:26] WARNING: not removing hydrogen atom without neighbors
[02:09:26] WARNING: not removing hydrogen atom without neighbors
[02:09:26] WARNING: not removing hydrogen atom without neighbors
[02:09:26] WARNING: not removing hydrogen atom without neighbors
[02:09:26] WARNING: not removing hydrogen atom without neighbors
[02:09:26] WARNING: not removing hydrogen atom without neighbors
[02:09:26] WARNING: not removing hydrogen atom without neighbors
[02:09:26] WARNING: not removing hydrogen atom without neighbors
[02:09:26] WARNING: not removing hydrogen atom without neighbors
[02:09:26] WARNING: not removing hydrogen atom without neighbors
[02:09:26] WARNING: not removing hydrogen atom without neighbors
[02:09:26] WARNING: not removing hydrogen atom without neighbors
[02:09:26] WARNING: not removing hydrogen atom without neighbors
[02:09:26] WARNING: not removing hydrogen atom without neighbors
[02:09:26] WARNING: not removing hydrogen atom without neighbors
[02:09:26] WARNING: not removing hydrogen atom without neighbors
[02:09:26] WARNING: not removing hydrogen atom without neighbors
[02:09:26] WARNING: not removing hydrogen atom without neighbors
[02:09:26] WARNING: not removing hydrogen atom without neighbors
[02:09:26] WARNING: not removing hydrogen atom without neighbors
[02:09:26] WARNING: not removing hydrogen atom without neighbors
[02:09:26] WARNING: not removing hydrogen atom without neighbors
[02:09:26] WARNING: not removing hydrogen atom without neighbors
[02:09:26] WARNING: not removing hydrogen atom without neighbors
[02:09:26] WARNING: not removing hydrogen atom without neighbors
[02:09:26] WARNING: not removing hydrogen atom without neighbors
[02:09:26] WARNING: not removing hydrogen atom without neighbors
[02:09:26] WARNING: not removing hydrogen atom without neighbors
[02:09:26] WARNING: not removing hydrogen atom without neighbors
[02:09:26] WARNING: not removing hydrogen atom without neighbors
[02:09:26] WARNING: not removing hydrogen atom without neighbors
[02:09:26] WARNING: not removing hydrogen atom without neighbors
[02:09:26] WARNING: not removing hydrogen atom without neighbors
[02:09:26] WARNING: not removing hydrogen atom without neighbors
[02:09:26] WARNING: not removing hydrogen atom without neighbors
[02:09:26] WARNING: not removing hydrogen atom without neighbors
[02:09:26] WARNING: not removing hydrogen atom without neighbors
[02:09:26] WARNING: not removing hydrogen atom without neighbors
[02:09:26] WARNING: not removing hydrogen atom without neighbors
[02:09:26] WARNING: not removing hydrogen atom without neighbors
wandb: updating run metadata; uploading artifact gmlp_project2_scaffold_seed200
wandb: uploading artifact gmlp_project2_scaffold_seed200; updating run metadata; uploading wandb-summary.json
wandb: uploading artifact gmlp_project2_scaffold_seed200; uploading config.yaml
wandb: uploading artifact gmlp_project2_scaffold_seed200
wandb: 
wandb: Run history:
wandb:            epoch ▁▁▂▂▃▃▄▄▅▅▆▆▇▇██
wandb: epoch/train_loss █▅▄▄▃▃▂▂▂▁▁▁▁▁▁▁
wandb:   epoch/val_loss ▂▁▂▁▁▁▂▃▄▅▆▆████
wandb:    test/accuracy ▁
wandb:       test/auprc ▁
wandb:          test/f1 ▁
wandb:         test/mcc ▁
wandb:   test/precision ▁
wandb:      test/recall ▁
wandb:     test/roc_auc ▁
wandb:               +6 ...
wandb: 
wandb: Run summary:
wandb:            epoch 15
wandb: epoch/train_loss 0.01895
wandb:   epoch/val_loss 0.66961
wandb:    test/accuracy 0.902
wandb:       test/auprc 0.9737
wandb:          test/f1 0.9474
wandb:         test/mcc 0.3136
wandb:   test/precision 0.9091
wandb:      test/recall 0.989
wandb:     test/roc_auc 0.8199
wandb:               +7 ...
wandb: 
wandb: 🚀 View run final_scaffold_seed200 at: https://wandb.ai/minzikim-seoul-national-university/MultiModal_GMLP_BBBP_Project2_Final/runs/2sp8ziog
wandb: ⭐️ View project at: https://wandb.ai/minzikim-seoul-national-university/MultiModal_GMLP_BBBP_Project2_Final
wandb: Synced 4 W&B file(s), 0 media file(s), 3 artifact file(s) and 0 other file(s)
wandb: Find logs at: ./wandb/run-20260331_020925-2sp8ziog/logs
  roc_auc=0.8199 | mcc=0.3136 | f1=0.9474

  --- Seed: 300 ---
wandb: setting up run f92h3b42
wandb: Tracking run with wandb version 0.22.3
wandb: Run data is saved locally in /home/minji/BBB/wandb/run-20260331_020938-f92h3b42
wandb: Run `wandb offline` to turn off syncing.
wandb: Syncing run northern-tree-24
wandb: ⭐️ View project at https://wandb.ai/minzikim-seoul-national-university/MultiModal_GMLP_BBBP_Project2_Final
wandb: 🚀 View run at https://wandb.ai/minzikim-seoul-national-university/MultiModal_GMLP_BBBP_Project2_Final/runs/f92h3b42
[02:09:39] WARNING: not removing hydrogen atom without neighbors
[02:09:39] WARNING: not removing hydrogen atom without neighbors
[02:09:39] WARNING: not removing hydrogen atom without neighbors
[02:09:39] WARNING: not removing hydrogen atom without neighbors
[02:09:39] WARNING: not removing hydrogen atom without neighbors
[02:09:39] WARNING: not removing hydrogen atom without neighbors
[02:09:39] WARNING: not removing hydrogen atom without neighbors
[02:09:39] WARNING: not removing hydrogen atom without neighbors
[02:09:39] WARNING: not removing hydrogen atom without neighbors
[02:09:39] WARNING: not removing hydrogen atom without neighbors
[02:09:39] WARNING: not removing hydrogen atom without neighbors
[02:09:39] WARNING: not removing hydrogen atom without neighbors
[02:09:39] WARNING: not removing hydrogen atom without neighbors
[02:09:39] WARNING: not removing hydrogen atom without neighbors
[02:09:39] WARNING: not removing hydrogen atom without neighbors
[02:09:39] WARNING: not removing hydrogen atom without neighbors
[02:09:39] WARNING: not removing hydrogen atom without neighbors
[02:09:39] WARNING: not removing hydrogen atom without neighbors
[02:09:39] WARNING: not removing hydrogen atom without neighbors
[02:09:39] WARNING: not removing hydrogen atom without neighbors
[02:09:39] WARNING: not removing hydrogen atom without neighbors
[02:09:39] WARNING: not removing hydrogen atom without neighbors
[02:09:39] WARNING: not removing hydrogen atom without neighbors
[02:09:39] WARNING: not removing hydrogen atom without neighbors
[02:09:39] WARNING: not removing hydrogen atom without neighbors
[02:09:39] WARNING: not removing hydrogen atom without neighbors
[02:09:39] WARNING: not removing hydrogen atom without neighbors
[02:09:39] WARNING: not removing hydrogen atom without neighbors
[02:09:39] WARNING: not removing hydrogen atom without neighbors
[02:09:39] WARNING: not removing hydrogen atom without neighbors
[02:09:39] WARNING: not removing hydrogen atom without neighbors
[02:09:39] WARNING: not removing hydrogen atom without neighbors
[02:09:39] WARNING: not removing hydrogen atom without neighbors
[02:09:39] WARNING: not removing hydrogen atom without neighbors
[02:09:39] WARNING: not removing hydrogen atom without neighbors
[02:09:39] WARNING: not removing hydrogen atom without neighbors
[02:09:39] WARNING: not removing hydrogen atom without neighbors
[02:09:39] WARNING: not removing hydrogen atom without neighbors
[02:09:39] WARNING: not removing hydrogen atom without neighbors
[02:09:39] WARNING: not removing hydrogen atom without neighbors
wandb: uploading artifact gmlp_project2_scaffold_seed300; updating run metadata
wandb: uploading artifact gmlp_project2_scaffold_seed300; uploading wandb-summary.json
wandb: uploading artifact gmlp_project2_scaffold_seed300
wandb: 
wandb: Run history:
wandb:            epoch ▁▁▂▃▃▃▄▅▅▅▆▇▇▇█
wandb: epoch/train_loss █▅▅▄▃▃▂▂▁▁▁▁▁▁▁
wandb:   epoch/val_loss ▃▁▁▁▁▁▁▂▃▄▅▆▇▇█
wandb:    test/accuracy ▁
wandb:       test/auprc ▁
wandb:          test/f1 ▁
wandb:         test/mcc ▁
wandb:   test/precision ▁
wandb:      test/recall ▁
wandb:     test/roc_auc ▁
wandb:               +6 ...
wandb: 
wandb: Run summary:
wandb:            epoch 14
wandb: epoch/train_loss 0.03022
wandb:   epoch/val_loss 0.65953
wandb:    test/accuracy 0.8922
wandb:       test/auprc 0.9761
wandb:          test/f1 0.9421
wandb:         test/mcc 0.2201
wandb:   test/precision 0.904
wandb:      test/recall 0.9835
wandb:     test/roc_auc 0.8284
wandb:               +7 ...
wandb: 
wandb: 🚀 View run final_scaffold_seed300 at: https://wandb.ai/minzikim-seoul-national-university/MultiModal_GMLP_BBBP_Project2_Final/runs/f92h3b42
wandb: ⭐️ View project at: https://wandb.ai/minzikim-seoul-national-university/MultiModal_GMLP_BBBP_Project2_Final
wandb: Synced 4 W&B file(s), 0 media file(s), 3 artifact file(s) and 0 other file(s)
wandb: Find logs at: ./wandb/run-20260331_020938-f92h3b42/logs
  roc_auc=0.8284 | mcc=0.2201 | f1=0.9421

  --- Seed: 400 ---
wandb: setting up run 5qcf9zfe
wandb: Tracking run with wandb version 0.22.3
wandb: Run data is saved locally in /home/minji/BBB/wandb/run-20260331_020949-5qcf9zfe
wandb: Run `wandb offline` to turn off syncing.
wandb: Syncing run young-spaceship-25
wandb: ⭐️ View project at https://wandb.ai/minzikim-seoul-national-university/MultiModal_GMLP_BBBP_Project2_Final
wandb: 🚀 View run at https://wandb.ai/minzikim-seoul-national-university/MultiModal_GMLP_BBBP_Project2_Final/runs/5qcf9zfe
[02:09:50] WARNING: not removing hydrogen atom without neighbors
[02:09:50] WARNING: not removing hydrogen atom without neighbors
[02:09:50] WARNING: not removing hydrogen atom without neighbors
[02:09:50] WARNING: not removing hydrogen atom without neighbors
[02:09:50] WARNING: not removing hydrogen atom without neighbors
[02:09:50] WARNING: not removing hydrogen atom without neighbors
[02:09:50] WARNING: not removing hydrogen atom without neighbors
[02:09:50] WARNING: not removing hydrogen atom without neighbors
[02:09:50] WARNING: not removing hydrogen atom without neighbors
[02:09:50] WARNING: not removing hydrogen atom without neighbors
[02:09:50] WARNING: not removing hydrogen atom without neighbors
[02:09:50] WARNING: not removing hydrogen atom without neighbors
[02:09:50] WARNING: not removing hydrogen atom without neighbors
[02:09:50] WARNING: not removing hydrogen atom without neighbors
[02:09:50] WARNING: not removing hydrogen atom without neighbors
[02:09:51] WARNING: not removing hydrogen atom without neighbors
[02:09:51] WARNING: not removing hydrogen atom without neighbors
[02:09:51] WARNING: not removing hydrogen atom without neighbors
[02:09:51] WARNING: not removing hydrogen atom without neighbors
[02:09:51] WARNING: not removing hydrogen atom without neighbors
[02:09:51] WARNING: not removing hydrogen atom without neighbors
[02:09:51] WARNING: not removing hydrogen atom without neighbors
[02:09:51] WARNING: not removing hydrogen atom without neighbors
[02:09:51] WARNING: not removing hydrogen atom without neighbors
[02:09:51] WARNING: not removing hydrogen atom without neighbors
[02:09:51] WARNING: not removing hydrogen atom without neighbors
[02:09:51] WARNING: not removing hydrogen atom without neighbors
[02:09:51] WARNING: not removing hydrogen atom without neighbors
[02:09:51] WARNING: not removing hydrogen atom without neighbors
[02:09:51] WARNING: not removing hydrogen atom without neighbors
[02:09:51] WARNING: not removing hydrogen atom without neighbors
[02:09:51] WARNING: not removing hydrogen atom without neighbors
[02:09:51] WARNING: not removing hydrogen atom without neighbors
[02:09:51] WARNING: not removing hydrogen atom without neighbors
[02:09:51] WARNING: not removing hydrogen atom without neighbors
[02:09:51] WARNING: not removing hydrogen atom without neighbors
[02:09:51] WARNING: not removing hydrogen atom without neighbors
[02:09:51] WARNING: not removing hydrogen atom without neighbors
[02:09:51] WARNING: not removing hydrogen atom without neighbors
[02:09:51] WARNING: not removing hydrogen atom without neighbors
wandb: uploading artifact gmlp_project2_scaffold_seed400; updating run metadata
wandb: uploading artifact gmlp_project2_scaffold_seed400; uploading wandb-summary.json
wandb: uploading artifact gmlp_project2_scaffold_seed400
wandb: uploading history steps 0-15, summary
wandb: 
wandb: Run history:
wandb:            epoch ▁▁▂▃▃▃▄▅▅▅▆▇▇▇█
wandb: epoch/train_loss █▅▄▄▃▃▂▂▂▁▁▁▁▁▁
wandb:   epoch/val_loss ▃▂▂▁▁▂▂▃▄▅▆▆▇██
wandb:    test/accuracy ▁
wandb:       test/auprc ▁
wandb:          test/f1 ▁
wandb:         test/mcc ▁
wandb:   test/precision ▁
wandb:      test/recall ▁
wandb:     test/roc_auc ▁
wandb:               +6 ...
wandb: 
wandb: Run summary:
wandb:            epoch 14
wandb: epoch/train_loss 0.02768
wandb:   epoch/val_loss 0.62486
wandb:    test/accuracy 0.8971
wandb:       test/auprc 0.9764
wandb:          test/f1 0.9449
wandb:         test/mcc 0.2515
wandb:   test/precision 0.9045
wandb:      test/recall 0.989
wandb:     test/roc_auc 0.8262
wandb:               +7 ...
wandb: 
wandb: 🚀 View run final_scaffold_seed400 at: https://wandb.ai/minzikim-seoul-national-university/MultiModal_GMLP_BBBP_Project2_Final/runs/5qcf9zfe
wandb: ⭐️ View project at: https://wandb.ai/minzikim-seoul-national-university/MultiModal_GMLP_BBBP_Project2_Final
wandb: Synced 4 W&B file(s), 0 media file(s), 3 artifact file(s) and 0 other file(s)
wandb: Find logs at: ./wandb/run-20260331_020949-5qcf9zfe/logs
  roc_auc=0.8262 | mcc=0.2515 | f1=0.9449

  --- Seed: 500 ---
wandb: setting up run 0wdaqyez
wandb: Tracking run with wandb version 0.22.3
wandb: Run data is saved locally in /home/minji/BBB/wandb/run-20260331_021002-0wdaqyez
wandb: Run `wandb offline` to turn off syncing.
wandb: Syncing run trim-morning-26
wandb: ⭐️ View project at https://wandb.ai/minzikim-seoul-national-university/MultiModal_GMLP_BBBP_Project2_Final
wandb: 🚀 View run at https://wandb.ai/minzikim-seoul-national-university/MultiModal_GMLP_BBBP_Project2_Final/runs/0wdaqyez
[02:10:03] WARNING: not removing hydrogen atom without neighbors
[02:10:03] WARNING: not removing hydrogen atom without neighbors
[02:10:03] WARNING: not removing hydrogen atom without neighbors
[02:10:03] WARNING: not removing hydrogen atom without neighbors
[02:10:03] WARNING: not removing hydrogen atom without neighbors
[02:10:03] WARNING: not removing hydrogen atom without neighbors
[02:10:03] WARNING: not removing hydrogen atom without neighbors
[02:10:03] WARNING: not removing hydrogen atom without neighbors
[02:10:03] WARNING: not removing hydrogen atom without neighbors
[02:10:03] WARNING: not removing hydrogen atom without neighbors
[02:10:03] WARNING: not removing hydrogen atom without neighbors
[02:10:03] WARNING: not removing hydrogen atom without neighbors
[02:10:03] WARNING: not removing hydrogen atom without neighbors
[02:10:03] WARNING: not removing hydrogen atom without neighbors
[02:10:03] WARNING: not removing hydrogen atom without neighbors
[02:10:03] WARNING: not removing hydrogen atom without neighbors
[02:10:03] WARNING: not removing hydrogen atom without neighbors
[02:10:03] WARNING: not removing hydrogen atom without neighbors
[02:10:03] WARNING: not removing hydrogen atom without neighbors
[02:10:03] WARNING: not removing hydrogen atom without neighbors
[02:10:03] WARNING: not removing hydrogen atom without neighbors
[02:10:03] WARNING: not removing hydrogen atom without neighbors
[02:10:03] WARNING: not removing hydrogen atom without neighbors
[02:10:03] WARNING: not removing hydrogen atom without neighbors
[02:10:03] WARNING: not removing hydrogen atom without neighbors
[02:10:03] WARNING: not removing hydrogen atom without neighbors
[02:10:03] WARNING: not removing hydrogen atom without neighbors
[02:10:04] WARNING: not removing hydrogen atom without neighbors
[02:10:04] WARNING: not removing hydrogen atom without neighbors
[02:10:04] WARNING: not removing hydrogen atom without neighbors
[02:10:04] WARNING: not removing hydrogen atom without neighbors
[02:10:04] WARNING: not removing hydrogen atom without neighbors
[02:10:04] WARNING: not removing hydrogen atom without neighbors
[02:10:04] WARNING: not removing hydrogen atom without neighbors
[02:10:04] WARNING: not removing hydrogen atom without neighbors
[02:10:04] WARNING: not removing hydrogen atom without neighbors
[02:10:04] WARNING: not removing hydrogen atom without neighbors
[02:10:04] WARNING: not removing hydrogen atom without neighbors
[02:10:04] WARNING: not removing hydrogen atom without neighbors
[02:10:04] WARNING: not removing hydrogen atom without neighbors
wandb: uploading artifact gmlp_project2_scaffold_seed500; updating run metadata
wandb: uploading artifact gmlp_project2_scaffold_seed500; uploading wandb-summary.json
wandb: uploading artifact gmlp_project2_scaffold_seed500
wandb: uploading history steps 0-16, summary
wandb: 
wandb: Run history:
wandb:            epoch ▁▁▂▂▃▃▄▄▅▅▆▆▇▇██
wandb: epoch/train_loss █▅▄▄▃▂▂▂▁▁▁▁▁▁▁▁
wandb:   epoch/val_loss ▂▁▂▂▁▁▁▂▄▅▆██▇██
wandb:    test/accuracy ▁
wandb:       test/auprc ▁
wandb:          test/f1 ▁
wandb:         test/mcc ▁
wandb:   test/precision ▁
wandb:      test/recall ▁
wandb:     test/roc_auc ▁
wandb:               +6 ...
wandb: 
wandb: Run summary:
wandb:            epoch 15
wandb: epoch/train_loss 0.03283
wandb:   epoch/val_loss 0.62282
wandb:    test/accuracy 0.8873
wandb:       test/auprc 0.9689
wandb:          test/f1 0.939
wandb:         test/mcc 0.2331
wandb:   test/precision 0.9077
wandb:      test/recall 0.9725
wandb:     test/roc_auc 0.7937
wandb:               +7 ...
wandb: 
wandb: 🚀 View run final_scaffold_seed500 at: https://wandb.ai/minzikim-seoul-national-university/MultiModal_GMLP_BBBP_Project2_Final/runs/0wdaqyez
wandb: ⭐️ View project at: https://wandb.ai/minzikim-seoul-national-university/MultiModal_GMLP_BBBP_Project2_Final
wandb: Synced 4 W&B file(s), 0 media file(s), 3 artifact file(s) and 0 other file(s)
wandb: Find logs at: ./wandb/run-20260331_021002-0wdaqyez/logs
  roc_auc=0.7937 | mcc=0.2331 | f1=0.9390

  --- Seed: 600 ---
wandb: setting up run 6qtg7wi0
wandb: Tracking run with wandb version 0.22.3
wandb: Run data is saved locally in /home/minji/BBB/wandb/run-20260331_021014-6qtg7wi0
wandb: Run `wandb offline` to turn off syncing.
wandb: Syncing run soft-waterfall-27
wandb: ⭐️ View project at https://wandb.ai/minzikim-seoul-national-university/MultiModal_GMLP_BBBP_Project2_Final
wandb: 🚀 View run at https://wandb.ai/minzikim-seoul-national-university/MultiModal_GMLP_BBBP_Project2_Final/runs/6qtg7wi0
[02:10:15] WARNING: not removing hydrogen atom without neighbors
[02:10:15] WARNING: not removing hydrogen atom without neighbors
[02:10:15] WARNING: not removing hydrogen atom without neighbors
[02:10:15] WARNING: not removing hydrogen atom without neighbors
[02:10:15] WARNING: not removing hydrogen atom without neighbors
[02:10:15] WARNING: not removing hydrogen atom without neighbors
[02:10:15] WARNING: not removing hydrogen atom without neighbors
[02:10:15] WARNING: not removing hydrogen atom without neighbors
[02:10:15] WARNING: not removing hydrogen atom without neighbors
[02:10:15] WARNING: not removing hydrogen atom without neighbors
[02:10:15] WARNING: not removing hydrogen atom without neighbors
[02:10:15] WARNING: not removing hydrogen atom without neighbors
[02:10:15] WARNING: not removing hydrogen atom without neighbors
[02:10:15] WARNING: not removing hydrogen atom without neighbors
[02:10:15] WARNING: not removing hydrogen atom without neighbors
[02:10:15] WARNING: not removing hydrogen atom without neighbors
[02:10:15] WARNING: not removing hydrogen atom without neighbors
[02:10:15] WARNING: not removing hydrogen atom without neighbors
[02:10:15] WARNING: not removing hydrogen atom without neighbors
[02:10:15] WARNING: not removing hydrogen atom without neighbors
[02:10:15] WARNING: not removing hydrogen atom without neighbors
[02:10:15] WARNING: not removing hydrogen atom without neighbors
[02:10:15] WARNING: not removing hydrogen atom without neighbors
[02:10:15] WARNING: not removing hydrogen atom without neighbors
[02:10:15] WARNING: not removing hydrogen atom without neighbors
[02:10:15] WARNING: not removing hydrogen atom without neighbors
[02:10:15] WARNING: not removing hydrogen atom without neighbors
[02:10:15] WARNING: not removing hydrogen atom without neighbors
[02:10:15] WARNING: not removing hydrogen atom without neighbors
[02:10:15] WARNING: not removing hydrogen atom without neighbors
[02:10:15] WARNING: not removing hydrogen atom without neighbors
[02:10:15] WARNING: not removing hydrogen atom without neighbors
[02:10:15] WARNING: not removing hydrogen atom without neighbors
[02:10:16] WARNING: not removing hydrogen atom without neighbors
[02:10:16] WARNING: not removing hydrogen atom without neighbors
[02:10:16] WARNING: not removing hydrogen atom without neighbors
[02:10:16] WARNING: not removing hydrogen atom without neighbors
[02:10:16] WARNING: not removing hydrogen atom without neighbors
[02:10:16] WARNING: not removing hydrogen atom without neighbors
[02:10:16] WARNING: not removing hydrogen atom without neighbors
wandb: uploading artifact gmlp_project2_scaffold_seed600; updating run metadata
wandb: uploading artifact gmlp_project2_scaffold_seed600
wandb: uploading history steps 0-16, summary
wandb: 
wandb: Run history:
wandb:            epoch ▁▁▂▂▃▃▄▄▅▅▆▆▇▇██
wandb: epoch/train_loss █▅▄▄▃▃▂▂▂▁▁▁▁▁▁▁
wandb:   epoch/val_loss ▂▁▂▁▁▁▂▃▄▆▅▆▇▇▇█
wandb:    test/accuracy ▁
wandb:       test/auprc ▁
wandb:          test/f1 ▁
wandb:         test/mcc ▁
wandb:   test/precision ▁
wandb:      test/recall ▁
wandb:     test/roc_auc ▁
wandb:               +6 ...
wandb: 
wandb: Run summary:
wandb:            epoch 15
wandb: epoch/train_loss 0.0222
wandb:   epoch/val_loss 0.67962
wandb:    test/accuracy 0.8775
wandb:       test/auprc 0.9799
wandb:          test/f1 0.9333
wandb:         test/mcc 0.1969
wandb:   test/precision 0.9067
wandb:      test/recall 0.9615
wandb:     test/roc_auc 0.8559
wandb:               +7 ...
wandb: 
wandb: 🚀 View run final_scaffold_seed600 at: https://wandb.ai/minzikim-seoul-national-university/MultiModal_GMLP_BBBP_Project2_Final/runs/6qtg7wi0
wandb: ⭐️ View project at: https://wandb.ai/minzikim-seoul-national-university/MultiModal_GMLP_BBBP_Project2_Final
wandb: Synced 4 W&B file(s), 0 media file(s), 3 artifact file(s) and 0 other file(s)
wandb: Find logs at: ./wandb/run-20260331_021014-6qtg7wi0/logs
  roc_auc=0.8559 | mcc=0.1969 | f1=0.9333

  --- Seed: 700 ---
wandb: setting up run ji5h7p3t
wandb: Tracking run with wandb version 0.22.3
wandb: Run data is saved locally in /home/minji/BBB/wandb/run-20260331_021027-ji5h7p3t
wandb: Run `wandb offline` to turn off syncing.
wandb: Syncing run lilac-lion-28
wandb: ⭐️ View project at https://wandb.ai/minzikim-seoul-national-university/MultiModal_GMLP_BBBP_Project2_Final
wandb: 🚀 View run at https://wandb.ai/minzikim-seoul-national-university/MultiModal_GMLP_BBBP_Project2_Final/runs/ji5h7p3t
[02:10:28] WARNING: not removing hydrogen atom without neighbors
[02:10:28] WARNING: not removing hydrogen atom without neighbors
[02:10:28] WARNING: not removing hydrogen atom without neighbors
[02:10:28] WARNING: not removing hydrogen atom without neighbors
[02:10:28] WARNING: not removing hydrogen atom without neighbors
[02:10:28] WARNING: not removing hydrogen atom without neighbors
[02:10:28] WARNING: not removing hydrogen atom without neighbors
[02:10:28] WARNING: not removing hydrogen atom without neighbors
[02:10:28] WARNING: not removing hydrogen atom without neighbors
[02:10:28] WARNING: not removing hydrogen atom without neighbors
[02:10:28] WARNING: not removing hydrogen atom without neighbors
[02:10:28] WARNING: not removing hydrogen atom without neighbors
[02:10:28] WARNING: not removing hydrogen atom without neighbors
[02:10:28] WARNING: not removing hydrogen atom without neighbors
[02:10:28] WARNING: not removing hydrogen atom without neighbors
[02:10:28] WARNING: not removing hydrogen atom without neighbors
[02:10:28] WARNING: not removing hydrogen atom without neighbors
[02:10:28] WARNING: not removing hydrogen atom without neighbors
[02:10:28] WARNING: not removing hydrogen atom without neighbors
[02:10:28] WARNING: not removing hydrogen atom without neighbors
[02:10:28] WARNING: not removing hydrogen atom without neighbors
[02:10:28] WARNING: not removing hydrogen atom without neighbors
[02:10:28] WARNING: not removing hydrogen atom without neighbors
[02:10:28] WARNING: not removing hydrogen atom without neighbors
[02:10:28] WARNING: not removing hydrogen atom without neighbors
[02:10:28] WARNING: not removing hydrogen atom without neighbors
[02:10:28] WARNING: not removing hydrogen atom without neighbors
[02:10:28] WARNING: not removing hydrogen atom without neighbors
[02:10:28] WARNING: not removing hydrogen atom without neighbors
[02:10:28] WARNING: not removing hydrogen atom without neighbors
[02:10:28] WARNING: not removing hydrogen atom without neighbors
[02:10:28] WARNING: not removing hydrogen atom without neighbors
[02:10:28] WARNING: not removing hydrogen atom without neighbors
[02:10:28] WARNING: not removing hydrogen atom without neighbors
[02:10:28] WARNING: not removing hydrogen atom without neighbors
[02:10:28] WARNING: not removing hydrogen atom without neighbors
[02:10:28] WARNING: not removing hydrogen atom without neighbors
[02:10:28] WARNING: not removing hydrogen atom without neighbors
[02:10:28] WARNING: not removing hydrogen atom without neighbors
[02:10:28] WARNING: not removing hydrogen atom without neighbors
wandb: uploading artifact gmlp_project2_scaffold_seed700; updating run metadata
wandb: uploading artifact gmlp_project2_scaffold_seed700; uploading wandb-summary.json
wandb: uploading artifact gmlp_project2_scaffold_seed700
wandb: uploading history steps 0-15, summary
wandb: 
wandb: Run history:
wandb:            epoch ▁▁▂▃▃▃▄▅▅▅▆▇▇▇█
wandb: epoch/train_loss █▅▄▄▃▂▂▂▁▁▁▁▁▁▁
wandb:   epoch/val_loss ▂▁▂▁▁▁▂▃▄▅▆▆█▇█
wandb:    test/accuracy ▁
wandb:       test/auprc ▁
wandb:          test/f1 ▁
wandb:         test/mcc ▁
wandb:   test/precision ▁
wandb:      test/recall ▁
wandb:     test/roc_auc ▁
wandb:               +6 ...
wandb: 
wandb: Run summary:
wandb:            epoch 14
wandb: epoch/train_loss 0.02212
wandb:   epoch/val_loss 0.72067
wandb:    test/accuracy 0.8627
wandb:       test/auprc 0.9792
wandb:          test/f1 0.9247
wandb:         test/mcc 0.1557
wandb:   test/precision 0.9053
wandb:      test/recall 0.9451
wandb:     test/roc_auc 0.8432
wandb:               +7 ...
wandb: 
wandb: 🚀 View run final_scaffold_seed700 at: https://wandb.ai/minzikim-seoul-national-university/MultiModal_GMLP_BBBP_Project2_Final/runs/ji5h7p3t
wandb: ⭐️ View project at: https://wandb.ai/minzikim-seoul-national-university/MultiModal_GMLP_BBBP_Project2_Final
wandb: Synced 4 W&B file(s), 0 media file(s), 3 artifact file(s) and 0 other file(s)
wandb: Find logs at: ./wandb/run-20260331_021027-ji5h7p3t/logs
  roc_auc=0.8432 | mcc=0.1557 | f1=0.9247

  --- Seed: 800 ---
wandb: setting up run udy1bs3v
wandb: Tracking run with wandb version 0.22.3
wandb: Run data is saved locally in /home/minji/BBB/wandb/run-20260331_021039-udy1bs3v
wandb: Run `wandb offline` to turn off syncing.
wandb: Syncing run easy-brook-29
wandb: ⭐️ View project at https://wandb.ai/minzikim-seoul-national-university/MultiModal_GMLP_BBBP_Project2_Final
wandb: 🚀 View run at https://wandb.ai/minzikim-seoul-national-university/MultiModal_GMLP_BBBP_Project2_Final/runs/udy1bs3v
[02:10:40] WARNING: not removing hydrogen atom without neighbors
[02:10:40] WARNING: not removing hydrogen atom without neighbors
[02:10:40] WARNING: not removing hydrogen atom without neighbors
[02:10:40] WARNING: not removing hydrogen atom without neighbors
[02:10:40] WARNING: not removing hydrogen atom without neighbors
[02:10:40] WARNING: not removing hydrogen atom without neighbors
[02:10:40] WARNING: not removing hydrogen atom without neighbors
[02:10:40] WARNING: not removing hydrogen atom without neighbors
[02:10:40] WARNING: not removing hydrogen atom without neighbors
[02:10:40] WARNING: not removing hydrogen atom without neighbors
[02:10:40] WARNING: not removing hydrogen atom without neighbors
[02:10:40] WARNING: not removing hydrogen atom without neighbors
[02:10:40] WARNING: not removing hydrogen atom without neighbors
[02:10:41] WARNING: not removing hydrogen atom without neighbors
[02:10:41] WARNING: not removing hydrogen atom without neighbors
[02:10:41] WARNING: not removing hydrogen atom without neighbors
[02:10:41] WARNING: not removing hydrogen atom without neighbors
[02:10:41] WARNING: not removing hydrogen atom without neighbors
[02:10:41] WARNING: not removing hydrogen atom without neighbors
[02:10:41] WARNING: not removing hydrogen atom without neighbors
[02:10:41] WARNING: not removing hydrogen atom without neighbors
[02:10:41] WARNING: not removing hydrogen atom without neighbors
[02:10:41] WARNING: not removing hydrogen atom without neighbors
[02:10:41] WARNING: not removing hydrogen atom without neighbors
[02:10:41] WARNING: not removing hydrogen atom without neighbors
[02:10:41] WARNING: not removing hydrogen atom without neighbors
[02:10:41] WARNING: not removing hydrogen atom without neighbors
[02:10:41] WARNING: not removing hydrogen atom without neighbors
[02:10:41] WARNING: not removing hydrogen atom without neighbors
[02:10:41] WARNING: not removing hydrogen atom without neighbors
[02:10:41] WARNING: not removing hydrogen atom without neighbors
[02:10:41] WARNING: not removing hydrogen atom without neighbors
[02:10:41] WARNING: not removing hydrogen atom without neighbors
[02:10:41] WARNING: not removing hydrogen atom without neighbors
[02:10:41] WARNING: not removing hydrogen atom without neighbors
[02:10:41] WARNING: not removing hydrogen atom without neighbors
[02:10:41] WARNING: not removing hydrogen atom without neighbors
[02:10:41] WARNING: not removing hydrogen atom without neighbors
[02:10:41] WARNING: not removing hydrogen atom without neighbors
[02:10:41] WARNING: not removing hydrogen atom without neighbors
wandb: uploading artifact gmlp_project2_scaffold_seed800; updating run metadata
wandb: uploading artifact gmlp_project2_scaffold_seed800; updating run metadata; uploading wandb-summary.json
wandb: uploading artifact gmlp_project2_scaffold_seed800; uploading config.yaml
wandb: uploading artifact gmlp_project2_scaffold_seed800
wandb: 
wandb: Run history:
wandb:            epoch ▁▁▂▂▃▃▄▄▅▅▆▆▇▇██
wandb: epoch/train_loss █▅▄▄▃▂▂▂▁▁▁▁▁▁▁▁
wandb:   epoch/val_loss ▁▁▁▁▁▁▂▂▄▆▇█▇███
wandb:    test/accuracy ▁
wandb:       test/auprc ▁
wandb:          test/f1 ▁
wandb:         test/mcc ▁
wandb:   test/precision ▁
wandb:      test/recall ▁
wandb:     test/roc_auc ▁
wandb:               +6 ...
wandb: 
wandb: Run summary:
wandb:            epoch 15
wandb: epoch/train_loss 0.01766
wandb:   epoch/val_loss 0.66753
wandb:    test/accuracy 0.8775
wandb:       test/auprc 0.9779
wandb:          test/f1 0.9337
wandb:         test/mcc 0.1562
wandb:   test/precision 0.9026
wandb:      test/recall 0.967
wandb:     test/roc_auc 0.8349
wandb:               +7 ...
wandb: 
wandb: 🚀 View run final_scaffold_seed800 at: https://wandb.ai/minzikim-seoul-national-university/MultiModal_GMLP_BBBP_Project2_Final/runs/udy1bs3v
wandb: ⭐️ View project at: https://wandb.ai/minzikim-seoul-national-university/MultiModal_GMLP_BBBP_Project2_Final
wandb: Synced 4 W&B file(s), 0 media file(s), 3 artifact file(s) and 0 other file(s)
wandb: Find logs at: ./wandb/run-20260331_021039-udy1bs3v/logs
  roc_auc=0.8349 | mcc=0.1562 | f1=0.9337

  --- Seed: 900 ---
wandb: setting up run yxjmjcsi
wandb: Tracking run with wandb version 0.22.3
wandb: Run data is saved locally in /home/minji/BBB/wandb/run-20260331_021054-yxjmjcsi
wandb: Run `wandb offline` to turn off syncing.
wandb: Syncing run crimson-shadow-30
wandb: ⭐️ View project at https://wandb.ai/minzikim-seoul-national-university/MultiModal_GMLP_BBBP_Project2_Final
wandb: 🚀 View run at https://wandb.ai/minzikim-seoul-national-university/MultiModal_GMLP_BBBP_Project2_Final/runs/yxjmjcsi
[02:10:55] WARNING: not removing hydrogen atom without neighbors
[02:10:55] WARNING: not removing hydrogen atom without neighbors
[02:10:55] WARNING: not removing hydrogen atom without neighbors
[02:10:55] WARNING: not removing hydrogen atom without neighbors
[02:10:55] WARNING: not removing hydrogen atom without neighbors
[02:10:55] WARNING: not removing hydrogen atom without neighbors
[02:10:55] WARNING: not removing hydrogen atom without neighbors
[02:10:55] WARNING: not removing hydrogen atom without neighbors
[02:10:55] WARNING: not removing hydrogen atom without neighbors
[02:10:55] WARNING: not removing hydrogen atom without neighbors
[02:10:55] WARNING: not removing hydrogen atom without neighbors
[02:10:55] WARNING: not removing hydrogen atom without neighbors
[02:10:55] WARNING: not removing hydrogen atom without neighbors
[02:10:55] WARNING: not removing hydrogen atom without neighbors
[02:10:55] WARNING: not removing hydrogen atom without neighbors
[02:10:55] WARNING: not removing hydrogen atom without neighbors
[02:10:55] WARNING: not removing hydrogen atom without neighbors
[02:10:55] WARNING: not removing hydrogen atom without neighbors
[02:10:55] WARNING: not removing hydrogen atom without neighbors
[02:10:55] WARNING: not removing hydrogen atom without neighbors
[02:10:55] WARNING: not removing hydrogen atom without neighbors
[02:10:55] WARNING: not removing hydrogen atom without neighbors
[02:10:55] WARNING: not removing hydrogen atom without neighbors
[02:10:55] WARNING: not removing hydrogen atom without neighbors
[02:10:55] WARNING: not removing hydrogen atom without neighbors
[02:10:55] WARNING: not removing hydrogen atom without neighbors
[02:10:55] WARNING: not removing hydrogen atom without neighbors
[02:10:55] WARNING: not removing hydrogen atom without neighbors
[02:10:55] WARNING: not removing hydrogen atom without neighbors
[02:10:55] WARNING: not removing hydrogen atom without neighbors
[02:10:55] WARNING: not removing hydrogen atom without neighbors
[02:10:55] WARNING: not removing hydrogen atom without neighbors
[02:10:55] WARNING: not removing hydrogen atom without neighbors
[02:10:55] WARNING: not removing hydrogen atom without neighbors
[02:10:55] WARNING: not removing hydrogen atom without neighbors
[02:10:55] WARNING: not removing hydrogen atom without neighbors
[02:10:55] WARNING: not removing hydrogen atom without neighbors
[02:10:55] WARNING: not removing hydrogen atom without neighbors
[02:10:55] WARNING: not removing hydrogen atom without neighbors
[02:10:55] WARNING: not removing hydrogen atom without neighbors
wandb: uploading artifact gmlp_project2_scaffold_seed900; updating run metadata
wandb: uploading artifact gmlp_project2_scaffold_seed900; uploading wandb-summary.json
wandb: uploading artifact gmlp_project2_scaffold_seed900; uploading config.yaml
wandb: uploading artifact gmlp_project2_scaffold_seed900
wandb: uploading history steps 0-16, summary
wandb: 
wandb: Run history:
wandb:            epoch ▁▁▂▂▃▃▄▄▅▅▆▆▇▇██
wandb: epoch/train_loss █▅▄▄▃▂▂▂▁▁▁▁▁▁▁▁
wandb:   epoch/val_loss ▂▂▃▂▁▁▂▄▄▆▆█▇█▇█
wandb:    test/accuracy ▁
wandb:       test/auprc ▁
wandb:          test/f1 ▁
wandb:         test/mcc ▁
wandb:   test/precision ▁
wandb:      test/recall ▁
wandb:     test/roc_auc ▁
wandb:               +6 ...
wandb: 
wandb: Run summary:
wandb:            epoch 15
wandb: epoch/train_loss 0.02436
wandb:   epoch/val_loss 0.63874
wandb:    test/accuracy 0.8873
wandb:       test/auprc 0.9744
wandb:          test/f1 0.939
wandb:         test/mcc 0.2331
wandb:   test/precision 0.9077
wandb:      test/recall 0.9725
wandb:     test/roc_auc 0.8194
wandb:               +7 ...
wandb: 
wandb: 🚀 View run final_scaffold_seed900 at: https://wandb.ai/minzikim-seoul-national-university/MultiModal_GMLP_BBBP_Project2_Final/runs/yxjmjcsi
wandb: ⭐️ View project at: https://wandb.ai/minzikim-seoul-national-university/MultiModal_GMLP_BBBP_Project2_Final
wandb: Synced 4 W&B file(s), 0 media file(s), 3 artifact file(s) and 0 other file(s)
wandb: Find logs at: ./wandb/run-20260331_021054-yxjmjcsi/logs
  roc_auc=0.8194 | mcc=0.2331 | f1=0.9390

################################################################################
### Split Mode: random_scaffold
################################################################################

  --- Seed: 42 ---
wandb: setting up run fjc4yq3r
wandb: Tracking run with wandb version 0.22.3
wandb: Run data is saved locally in /home/minji/BBB/wandb/run-20260331_021107-fjc4yq3r
wandb: Run `wandb offline` to turn off syncing.
wandb: Syncing run whole-valley-31
wandb: ⭐️ View project at https://wandb.ai/minzikim-seoul-national-university/MultiModal_GMLP_BBBP_Project2_Final
wandb: 🚀 View run at https://wandb.ai/minzikim-seoul-national-university/MultiModal_GMLP_BBBP_Project2_Final/runs/fjc4yq3r
[02:11:09] WARNING: not removing hydrogen atom without neighbors
[02:11:09] WARNING: not removing hydrogen atom without neighbors
[02:11:09] WARNING: not removing hydrogen atom without neighbors
[02:11:09] WARNING: not removing hydrogen atom without neighbors
[02:11:09] WARNING: not removing hydrogen atom without neighbors
[02:11:09] WARNING: not removing hydrogen atom without neighbors
[02:11:09] WARNING: not removing hydrogen atom without neighbors
[02:11:09] WARNING: not removing hydrogen atom without neighbors
[02:11:09] WARNING: not removing hydrogen atom without neighbors
[02:11:09] WARNING: not removing hydrogen atom without neighbors
[02:11:09] WARNING: not removing hydrogen atom without neighbors
[02:11:09] WARNING: not removing hydrogen atom without neighbors
[02:11:09] WARNING: not removing hydrogen atom without neighbors
[02:11:09] WARNING: not removing hydrogen atom without neighbors
[02:11:09] WARNING: not removing hydrogen atom without neighbors
[02:11:09] WARNING: not removing hydrogen atom without neighbors
[02:11:09] WARNING: not removing hydrogen atom without neighbors
[02:11:09] WARNING: not removing hydrogen atom without neighbors
[02:11:09] WARNING: not removing hydrogen atom without neighbors
[02:11:09] WARNING: not removing hydrogen atom without neighbors
[02:11:09] WARNING: not removing hydrogen atom without neighbors
[02:11:09] WARNING: not removing hydrogen atom without neighbors
[02:11:09] WARNING: not removing hydrogen atom without neighbors
[02:11:09] WARNING: not removing hydrogen atom without neighbors
[02:11:09] WARNING: not removing hydrogen atom without neighbors
[02:11:09] WARNING: not removing hydrogen atom without neighbors
[02:11:09] WARNING: not removing hydrogen atom without neighbors
[02:11:09] WARNING: not removing hydrogen atom without neighbors
[02:11:09] WARNING: not removing hydrogen atom without neighbors
[02:11:09] WARNING: not removing hydrogen atom without neighbors
[02:11:09] WARNING: not removing hydrogen atom without neighbors
[02:11:09] WARNING: not removing hydrogen atom without neighbors
[02:11:09] WARNING: not removing hydrogen atom without neighbors
[02:11:09] WARNING: not removing hydrogen atom without neighbors
[02:11:09] WARNING: not removing hydrogen atom without neighbors
[02:11:09] WARNING: not removing hydrogen atom without neighbors
[02:11:09] WARNING: not removing hydrogen atom without neighbors
[02:11:09] WARNING: not removing hydrogen atom without neighbors
[02:11:09] WARNING: not removing hydrogen atom without neighbors
[02:11:09] WARNING: not removing hydrogen atom without neighbors
wandb: uploading artifact gmlp_project2_random_scaffold_seed42; updating run metadata
wandb: uploading artifact gmlp_project2_random_scaffold_seed42; uploading wandb-summary.json
wandb: uploading artifact gmlp_project2_random_scaffold_seed42
wandb: uploading history steps 0-17, summary
wandb: 
wandb: Run history:
wandb:            epoch ▁▁▂▂▃▃▄▄▅▅▅▆▆▇▇██
wandb: epoch/train_loss █▆▅▄▃▃▂▂▁▁▁▁▁▁▁▁▁
wandb:   epoch/val_loss █▂▃▁▁▂▁▁▃▂▃▂▃▄▄▃▄
wandb:    test/accuracy ▁
wandb:       test/auprc ▁
wandb:          test/f1 ▁
wandb:         test/mcc ▁
wandb:   test/precision ▁
wandb:      test/recall ▁
wandb:     test/roc_auc ▁
wandb:               +6 ...
wandb: 
wandb: Run summary:
wandb:            epoch 16
wandb: epoch/train_loss 0.01678
wandb:   epoch/val_loss 0.28967
wandb:    test/accuracy 0.8873
wandb:       test/auprc 0.9691
wandb:          test/f1 0.9292
wandb:         test/mcc 0.6522
wandb:   test/precision 0.9264
wandb:      test/recall 0.9321
wandb:     test/roc_auc 0.9039
wandb:               +7 ...
wandb: 
wandb: 🚀 View run final_random_scaffold_seed42 at: https://wandb.ai/minzikim-seoul-national-university/MultiModal_GMLP_BBBP_Project2_Final/runs/fjc4yq3r
wandb: ⭐️ View project at: https://wandb.ai/minzikim-seoul-national-university/MultiModal_GMLP_BBBP_Project2_Final
wandb: Synced 4 W&B file(s), 0 media file(s), 3 artifact file(s) and 0 other file(s)
wandb: Find logs at: ./wandb/run-20260331_021107-fjc4yq3r/logs
  roc_auc=0.9039 | mcc=0.6522 | f1=0.9292

  --- Seed: 100 ---
wandb: setting up run b3dooefy
wandb: Tracking run with wandb version 0.22.3
wandb: Run data is saved locally in /home/minji/BBB/wandb/run-20260331_021120-b3dooefy
wandb: Run `wandb offline` to turn off syncing.
wandb: Syncing run woven-violet-32
wandb: ⭐️ View project at https://wandb.ai/minzikim-seoul-national-university/MultiModal_GMLP_BBBP_Project2_Final
wandb: 🚀 View run at https://wandb.ai/minzikim-seoul-national-university/MultiModal_GMLP_BBBP_Project2_Final/runs/b3dooefy
[02:11:21] WARNING: not removing hydrogen atom without neighbors
[02:11:21] WARNING: not removing hydrogen atom without neighbors
[02:11:21] WARNING: not removing hydrogen atom without neighbors
[02:11:21] WARNING: not removing hydrogen atom without neighbors
[02:11:21] WARNING: not removing hydrogen atom without neighbors
[02:11:21] WARNING: not removing hydrogen atom without neighbors
[02:11:21] WARNING: not removing hydrogen atom without neighbors
[02:11:21] WARNING: not removing hydrogen atom without neighbors
[02:11:21] WARNING: not removing hydrogen atom without neighbors
[02:11:21] WARNING: not removing hydrogen atom without neighbors
[02:11:21] WARNING: not removing hydrogen atom without neighbors
[02:11:21] WARNING: not removing hydrogen atom without neighbors
[02:11:21] WARNING: not removing hydrogen atom without neighbors
[02:11:21] WARNING: not removing hydrogen atom without neighbors
[02:11:22] WARNING: not removing hydrogen atom without neighbors
[02:11:22] WARNING: not removing hydrogen atom without neighbors
[02:11:22] WARNING: not removing hydrogen atom without neighbors
[02:11:22] WARNING: not removing hydrogen atom without neighbors
[02:11:22] WARNING: not removing hydrogen atom without neighbors
[02:11:22] WARNING: not removing hydrogen atom without neighbors
[02:11:22] WARNING: not removing hydrogen atom without neighbors
[02:11:22] WARNING: not removing hydrogen atom without neighbors
[02:11:22] WARNING: not removing hydrogen atom without neighbors
[02:11:22] WARNING: not removing hydrogen atom without neighbors
[02:11:22] WARNING: not removing hydrogen atom without neighbors
[02:11:22] WARNING: not removing hydrogen atom without neighbors
[02:11:22] WARNING: not removing hydrogen atom without neighbors
[02:11:22] WARNING: not removing hydrogen atom without neighbors
[02:11:22] WARNING: not removing hydrogen atom without neighbors
[02:11:22] WARNING: not removing hydrogen atom without neighbors
[02:11:22] WARNING: not removing hydrogen atom without neighbors
[02:11:22] WARNING: not removing hydrogen atom without neighbors
[02:11:22] WARNING: not removing hydrogen atom without neighbors
[02:11:22] WARNING: not removing hydrogen atom without neighbors
[02:11:22] WARNING: not removing hydrogen atom without neighbors
[02:11:22] WARNING: not removing hydrogen atom without neighbors
[02:11:22] WARNING: not removing hydrogen atom without neighbors
[02:11:22] WARNING: not removing hydrogen atom without neighbors
[02:11:22] WARNING: not removing hydrogen atom without neighbors
[02:11:22] WARNING: not removing hydrogen atom without neighbors
wandb: updating run metadata; uploading artifact gmlp_project2_random_scaffold_seed100
wandb: updating run metadata; uploading artifact gmlp_project2_random_scaffold_seed100; uploading wandb-summary.json
wandb: uploading artifact gmlp_project2_random_scaffold_seed100; updating run metadata
wandb: uploading artifact gmlp_project2_random_scaffold_seed100; uploading config.yaml
wandb: uploading artifact gmlp_project2_random_scaffold_seed100
wandb: uploading history steps 0-13, summary
wandb: 
wandb: Run history:
wandb:            epoch ▁▂▂▃▃▄▅▅▆▆▇▇█
wandb: epoch/train_loss █▅▄▄▃▃▂▂▁▁▁▁▁
wandb:   epoch/val_loss ▂▁▁▁▂▂▂▄▃▆▅▇█
wandb:    test/accuracy ▁
wandb:       test/auprc ▁
wandb:          test/f1 ▁
wandb:         test/mcc ▁
wandb:   test/precision ▁
wandb:      test/recall ▁
wandb:     test/roc_auc ▁
wandb:               +6 ...
wandb: 
wandb: Run summary:
wandb:            epoch 12
wandb: epoch/train_loss 0.02628
wandb:   epoch/val_loss 0.4912
wandb:    test/accuracy 0.8529
wandb:       test/auprc 0.929
wandb:          test/f1 0.9051
wandb:         test/mcc 0.6149
wandb:   test/precision 0.8462
wandb:      test/recall 0.9728
wandb:     test/roc_auc 0.8778
wandb:               +7 ...
wandb: 
wandb: 🚀 View run final_random_scaffold_seed100 at: https://wandb.ai/minzikim-seoul-national-university/MultiModal_GMLP_BBBP_Project2_Final/runs/b3dooefy
wandb: ⭐️ View project at: https://wandb.ai/minzikim-seoul-national-university/MultiModal_GMLP_BBBP_Project2_Final
wandb: Synced 4 W&B file(s), 0 media file(s), 3 artifact file(s) and 0 other file(s)
wandb: Find logs at: ./wandb/run-20260331_021120-b3dooefy/logs
  roc_auc=0.8778 | mcc=0.6149 | f1=0.9051

  --- Seed: 200 ---
wandb: setting up run cgzf06nj
wandb: Tracking run with wandb version 0.22.3
wandb: Run data is saved locally in /home/minji/BBB/wandb/run-20260331_021134-cgzf06nj
wandb: Run `wandb offline` to turn off syncing.
wandb: Syncing run atomic-totem-33
wandb: ⭐️ View project at https://wandb.ai/minzikim-seoul-national-university/MultiModal_GMLP_BBBP_Project2_Final
wandb: 🚀 View run at https://wandb.ai/minzikim-seoul-national-university/MultiModal_GMLP_BBBP_Project2_Final/runs/cgzf06nj
[02:11:35] WARNING: not removing hydrogen atom without neighbors
[02:11:35] WARNING: not removing hydrogen atom without neighbors
[02:11:35] WARNING: not removing hydrogen atom without neighbors
[02:11:35] WARNING: not removing hydrogen atom without neighbors
[02:11:35] WARNING: not removing hydrogen atom without neighbors
[02:11:35] WARNING: not removing hydrogen atom without neighbors
[02:11:35] WARNING: not removing hydrogen atom without neighbors
[02:11:35] WARNING: not removing hydrogen atom without neighbors
[02:11:35] WARNING: not removing hydrogen atom without neighbors
[02:11:35] WARNING: not removing hydrogen atom without neighbors
[02:11:35] WARNING: not removing hydrogen atom without neighbors
[02:11:35] WARNING: not removing hydrogen atom without neighbors
[02:11:35] WARNING: not removing hydrogen atom without neighbors
[02:11:35] WARNING: not removing hydrogen atom without neighbors
[02:11:36] WARNING: not removing hydrogen atom without neighbors
[02:11:36] WARNING: not removing hydrogen atom without neighbors
[02:11:36] WARNING: not removing hydrogen atom without neighbors
[02:11:36] WARNING: not removing hydrogen atom without neighbors
[02:11:36] WARNING: not removing hydrogen atom without neighbors
[02:11:36] WARNING: not removing hydrogen atom without neighbors
[02:11:36] WARNING: not removing hydrogen atom without neighbors
[02:11:36] WARNING: not removing hydrogen atom without neighbors
[02:11:36] WARNING: not removing hydrogen atom without neighbors
[02:11:36] WARNING: not removing hydrogen atom without neighbors
[02:11:36] WARNING: not removing hydrogen atom without neighbors
[02:11:36] WARNING: not removing hydrogen atom without neighbors
[02:11:36] WARNING: not removing hydrogen atom without neighbors
[02:11:36] WARNING: not removing hydrogen atom without neighbors
[02:11:36] WARNING: not removing hydrogen atom without neighbors
[02:11:36] WARNING: not removing hydrogen atom without neighbors
[02:11:36] WARNING: not removing hydrogen atom without neighbors
[02:11:36] WARNING: not removing hydrogen atom without neighbors
[02:11:36] WARNING: not removing hydrogen atom without neighbors
[02:11:36] WARNING: not removing hydrogen atom without neighbors
[02:11:36] WARNING: not removing hydrogen atom without neighbors
[02:11:36] WARNING: not removing hydrogen atom without neighbors
[02:11:36] WARNING: not removing hydrogen atom without neighbors
[02:11:36] WARNING: not removing hydrogen atom without neighbors
[02:11:36] WARNING: not removing hydrogen atom without neighbors
[02:11:36] WARNING: not removing hydrogen atom without neighbors
wandb: uploading artifact gmlp_project2_random_scaffold_seed200; updating run metadata
wandb: uploading artifact gmlp_project2_random_scaffold_seed200; uploading wandb-summary.json
wandb: uploading artifact gmlp_project2_random_scaffold_seed200
wandb: uploading history steps 0-19, summary
wandb: 
wandb: Run history:
wandb:            epoch ▁▁▂▂▃▃▃▄▄▅▅▅▆▆▆▇▇██
wandb: epoch/train_loss █▅▅▄▄▃▂▂▂▁▁▁▁▁▁▁▁▁▁
wandb:   epoch/val_loss ▇▃▃▃▂▂▁▂▁▄▂▅▄▆▅▇▄█▆
wandb:    test/accuracy ▁
wandb:       test/auprc ▁
wandb:          test/f1 ▁
wandb:         test/mcc ▁
wandb:   test/precision ▁
wandb:      test/recall ▁
wandb:     test/roc_auc ▁
wandb:               +6 ...
wandb: 
wandb: Run summary:
wandb:            epoch 18
wandb: epoch/train_loss 0.01769
wandb:   epoch/val_loss 0.31052
wandb:    test/accuracy 0.9265
wandb:       test/auprc 0.9865
wandb:          test/f1 0.9524
wandb:         test/mcc 0.7952
wandb:   test/precision 0.9317
wandb:      test/recall 0.974
wandb:     test/roc_auc 0.9623
wandb:               +7 ...
wandb: 
wandb: 🚀 View run final_random_scaffold_seed200 at: https://wandb.ai/minzikim-seoul-national-university/MultiModal_GMLP_BBBP_Project2_Final/runs/cgzf06nj
wandb: ⭐️ View project at: https://wandb.ai/minzikim-seoul-national-university/MultiModal_GMLP_BBBP_Project2_Final
wandb: Synced 4 W&B file(s), 0 media file(s), 3 artifact file(s) and 0 other file(s)
wandb: Find logs at: ./wandb/run-20260331_021134-cgzf06nj/logs
  roc_auc=0.9623 | mcc=0.7952 | f1=0.9524

  --- Seed: 300 ---
wandb: setting up run cbn5rgle
wandb: Tracking run with wandb version 0.22.3
wandb: Run data is saved locally in /home/minji/BBB/wandb/run-20260331_021147-cbn5rgle
wandb: Run `wandb offline` to turn off syncing.
wandb: Syncing run wise-frog-34
wandb: ⭐️ View project at https://wandb.ai/minzikim-seoul-national-university/MultiModal_GMLP_BBBP_Project2_Final
wandb: 🚀 View run at https://wandb.ai/minzikim-seoul-national-university/MultiModal_GMLP_BBBP_Project2_Final/runs/cbn5rgle
[02:11:48] WARNING: not removing hydrogen atom without neighbors
[02:11:48] WARNING: not removing hydrogen atom without neighbors
[02:11:48] WARNING: not removing hydrogen atom without neighbors
[02:11:48] WARNING: not removing hydrogen atom without neighbors
[02:11:48] WARNING: not removing hydrogen atom without neighbors
[02:11:48] WARNING: not removing hydrogen atom without neighbors
[02:11:48] WARNING: not removing hydrogen atom without neighbors
[02:11:48] WARNING: not removing hydrogen atom without neighbors
[02:11:48] WARNING: not removing hydrogen atom without neighbors
[02:11:48] WARNING: not removing hydrogen atom without neighbors
[02:11:48] WARNING: not removing hydrogen atom without neighbors
[02:11:48] WARNING: not removing hydrogen atom without neighbors
[02:11:48] WARNING: not removing hydrogen atom without neighbors
[02:11:48] WARNING: not removing hydrogen atom without neighbors
[02:11:48] WARNING: not removing hydrogen atom without neighbors
[02:11:48] WARNING: not removing hydrogen atom without neighbors
[02:11:48] WARNING: not removing hydrogen atom without neighbors
[02:11:48] WARNING: not removing hydrogen atom without neighbors
[02:11:48] WARNING: not removing hydrogen atom without neighbors
[02:11:48] WARNING: not removing hydrogen atom without neighbors
[02:11:48] WARNING: not removing hydrogen atom without neighbors
[02:11:48] WARNING: not removing hydrogen atom without neighbors
[02:11:49] WARNING: not removing hydrogen atom without neighbors
[02:11:49] WARNING: not removing hydrogen atom without neighbors
[02:11:49] WARNING: not removing hydrogen atom without neighbors
[02:11:49] WARNING: not removing hydrogen atom without neighbors
[02:11:49] WARNING: not removing hydrogen atom without neighbors
[02:11:49] WARNING: not removing hydrogen atom without neighbors
[02:11:49] WARNING: not removing hydrogen atom without neighbors
[02:11:49] WARNING: not removing hydrogen atom without neighbors
[02:11:49] WARNING: not removing hydrogen atom without neighbors
[02:11:49] WARNING: not removing hydrogen atom without neighbors
[02:11:49] WARNING: not removing hydrogen atom without neighbors
[02:11:49] WARNING: not removing hydrogen atom without neighbors
[02:11:49] WARNING: not removing hydrogen atom without neighbors
[02:11:49] WARNING: not removing hydrogen atom without neighbors
[02:11:49] WARNING: not removing hydrogen atom without neighbors
[02:11:49] WARNING: not removing hydrogen atom without neighbors
[02:11:49] WARNING: not removing hydrogen atom without neighbors
[02:11:49] WARNING: not removing hydrogen atom without neighbors
wandb: updating run metadata; uploading artifact gmlp_project2_random_scaffold_seed300
wandb: updating run metadata; uploading artifact gmlp_project2_random_scaffold_seed300; uploading wandb-summary.json
wandb: uploading artifact gmlp_project2_random_scaffold_seed300; uploading config.yaml
wandb: uploading artifact gmlp_project2_random_scaffold_seed300
wandb: uploading history steps 0-13, summary
wandb: 
wandb: Run history:
wandb:            epoch ▁▂▂▃▃▄▅▅▆▆▇▇█
wandb: epoch/train_loss █▅▅▄▃▃▂▂▁▁▁▁▁
wandb:   epoch/val_loss ▂▂▁▁▁▂▂▄▄▆▇▇█
wandb:    test/accuracy ▁
wandb:       test/auprc ▁
wandb:          test/f1 ▁
wandb:         test/mcc ▁
wandb:   test/precision ▁
wandb:      test/recall ▁
wandb:     test/roc_auc ▁
wandb:               +6 ...
wandb: 
wandb: Run summary:
wandb:            epoch 12
wandb: epoch/train_loss 0.02494
wandb:   epoch/val_loss 0.66734
wandb:    test/accuracy 0.8725
wandb:       test/auprc 0.9745
wandb:          test/f1 0.9172
wandb:         test/mcc 0.648
wandb:   test/precision 0.8889
wandb:      test/recall 0.9474
wandb:     test/roc_auc 0.9307
wandb:               +7 ...
wandb: 
wandb: 🚀 View run final_random_scaffold_seed300 at: https://wandb.ai/minzikim-seoul-national-university/MultiModal_GMLP_BBBP_Project2_Final/runs/cbn5rgle
wandb: ⭐️ View project at: https://wandb.ai/minzikim-seoul-national-university/MultiModal_GMLP_BBBP_Project2_Final
wandb: Synced 4 W&B file(s), 0 media file(s), 3 artifact file(s) and 0 other file(s)
wandb: Find logs at: ./wandb/run-20260331_021147-cbn5rgle/logs
  roc_auc=0.9307 | mcc=0.6480 | f1=0.9172

  --- Seed: 400 ---
wandb: setting up run kdq97b72
wandb: Tracking run with wandb version 0.22.3
wandb: Run data is saved locally in /home/minji/BBB/wandb/run-20260331_021159-kdq97b72
wandb: Run `wandb offline` to turn off syncing.
wandb: Syncing run confused-flower-35
wandb: ⭐️ View project at https://wandb.ai/minzikim-seoul-national-university/MultiModal_GMLP_BBBP_Project2_Final
wandb: 🚀 View run at https://wandb.ai/minzikim-seoul-national-university/MultiModal_GMLP_BBBP_Project2_Final/runs/kdq97b72
[02:12:00] WARNING: not removing hydrogen atom without neighbors
[02:12:00] WARNING: not removing hydrogen atom without neighbors
[02:12:00] WARNING: not removing hydrogen atom without neighbors
[02:12:00] WARNING: not removing hydrogen atom without neighbors
[02:12:00] WARNING: not removing hydrogen atom without neighbors
[02:12:00] WARNING: not removing hydrogen atom without neighbors
[02:12:00] WARNING: not removing hydrogen atom without neighbors
[02:12:00] WARNING: not removing hydrogen atom without neighbors
[02:12:00] WARNING: not removing hydrogen atom without neighbors
[02:12:00] WARNING: not removing hydrogen atom without neighbors
[02:12:00] WARNING: not removing hydrogen atom without neighbors
[02:12:00] WARNING: not removing hydrogen atom without neighbors
[02:12:00] WARNING: not removing hydrogen atom without neighbors
[02:12:00] WARNING: not removing hydrogen atom without neighbors
[02:12:00] WARNING: not removing hydrogen atom without neighbors
[02:12:00] WARNING: not removing hydrogen atom without neighbors
[02:12:00] WARNING: not removing hydrogen atom without neighbors
[02:12:00] WARNING: not removing hydrogen atom without neighbors
[02:12:00] WARNING: not removing hydrogen atom without neighbors
[02:12:00] WARNING: not removing hydrogen atom without neighbors
[02:12:00] WARNING: not removing hydrogen atom without neighbors
[02:12:00] WARNING: not removing hydrogen atom without neighbors
[02:12:00] WARNING: not removing hydrogen atom without neighbors
[02:12:00] WARNING: not removing hydrogen atom without neighbors
[02:12:00] WARNING: not removing hydrogen atom without neighbors
[02:12:00] WARNING: not removing hydrogen atom without neighbors
[02:12:00] WARNING: not removing hydrogen atom without neighbors
[02:12:00] WARNING: not removing hydrogen atom without neighbors
[02:12:00] WARNING: not removing hydrogen atom without neighbors
[02:12:00] WARNING: not removing hydrogen atom without neighbors
[02:12:00] WARNING: not removing hydrogen atom without neighbors
[02:12:00] WARNING: not removing hydrogen atom without neighbors
[02:12:00] WARNING: not removing hydrogen atom without neighbors
[02:12:00] WARNING: not removing hydrogen atom without neighbors
[02:12:00] WARNING: not removing hydrogen atom without neighbors
[02:12:00] WARNING: not removing hydrogen atom without neighbors
[02:12:00] WARNING: not removing hydrogen atom without neighbors
[02:12:00] WARNING: not removing hydrogen atom without neighbors
[02:12:00] WARNING: not removing hydrogen atom without neighbors
[02:12:00] WARNING: not removing hydrogen atom without neighbors
wandb: updating run metadata; uploading artifact gmlp_project2_random_scaffold_seed400
wandb: uploading artifact gmlp_project2_random_scaffold_seed400; updating run metadata; uploading wandb-summary.json
wandb: uploading artifact gmlp_project2_random_scaffold_seed400; uploading config.yaml
wandb: uploading artifact gmlp_project2_random_scaffold_seed400
wandb: uploading history steps 0-14, summary
wandb: 
wandb: Run history:
wandb:            epoch ▁▂▂▃▃▄▄▅▅▆▆▇▇█
wandb: epoch/train_loss █▆▄▄▃▃▂▂▁▁▁▁▁▁
wandb:   epoch/val_loss ▅▂▁▁▁▁▂▃▄▇▅▆▇█
wandb:    test/accuracy ▁
wandb:       test/auprc ▁
wandb:          test/f1 ▁
wandb:         test/mcc ▁
wandb:   test/precision ▁
wandb:      test/recall ▁
wandb:     test/roc_auc ▁
wandb:               +6 ...
wandb: 
wandb: Run summary:
wandb:            epoch 13
wandb: epoch/train_loss 0.0204
wandb:   epoch/val_loss 0.42351
wandb:    test/accuracy 0.8873
wandb:       test/auprc 0.9671
wandb:          test/f1 0.9313
wandb:         test/mcc 0.6188
wandb:   test/precision 0.9176
wandb:      test/recall 0.9455
wandb:     test/roc_auc 0.9051
wandb:               +7 ...
wandb: 
wandb: 🚀 View run final_random_scaffold_seed400 at: https://wandb.ai/minzikim-seoul-national-university/MultiModal_GMLP_BBBP_Project2_Final/runs/kdq97b72
wandb: ⭐️ View project at: https://wandb.ai/minzikim-seoul-national-university/MultiModal_GMLP_BBBP_Project2_Final
wandb: Synced 4 W&B file(s), 0 media file(s), 3 artifact file(s) and 0 other file(s)
wandb: Find logs at: ./wandb/run-20260331_021159-kdq97b72/logs
  roc_auc=0.9051 | mcc=0.6188 | f1=0.9313

  --- Seed: 500 ---
wandb: setting up run 2p2q96z7
wandb: Tracking run with wandb version 0.22.3
wandb: Run data is saved locally in /home/minji/BBB/wandb/run-20260331_021211-2p2q96z7
wandb: Run `wandb offline` to turn off syncing.
wandb: Syncing run misunderstood-dragon-36
wandb: ⭐️ View project at https://wandb.ai/minzikim-seoul-national-university/MultiModal_GMLP_BBBP_Project2_Final
wandb: 🚀 View run at https://wandb.ai/minzikim-seoul-national-university/MultiModal_GMLP_BBBP_Project2_Final/runs/2p2q96z7
[02:12:12] WARNING: not removing hydrogen atom without neighbors
[02:12:12] WARNING: not removing hydrogen atom without neighbors
[02:12:12] WARNING: not removing hydrogen atom without neighbors
[02:12:12] WARNING: not removing hydrogen atom without neighbors
[02:12:12] WARNING: not removing hydrogen atom without neighbors
[02:12:12] WARNING: not removing hydrogen atom without neighbors
[02:12:12] WARNING: not removing hydrogen atom without neighbors
[02:12:12] WARNING: not removing hydrogen atom without neighbors
[02:12:12] WARNING: not removing hydrogen atom without neighbors
[02:12:12] WARNING: not removing hydrogen atom without neighbors
[02:12:12] WARNING: not removing hydrogen atom without neighbors
[02:12:12] WARNING: not removing hydrogen atom without neighbors
[02:12:12] WARNING: not removing hydrogen atom without neighbors
[02:12:12] WARNING: not removing hydrogen atom without neighbors
[02:12:12] WARNING: not removing hydrogen atom without neighbors
[02:12:12] WARNING: not removing hydrogen atom without neighbors
[02:12:12] WARNING: not removing hydrogen atom without neighbors
[02:12:12] WARNING: not removing hydrogen atom without neighbors
[02:12:12] WARNING: not removing hydrogen atom without neighbors
[02:12:12] WARNING: not removing hydrogen atom without neighbors
[02:12:12] WARNING: not removing hydrogen atom without neighbors
[02:12:12] WARNING: not removing hydrogen atom without neighbors
[02:12:12] WARNING: not removing hydrogen atom without neighbors
[02:12:12] WARNING: not removing hydrogen atom without neighbors
[02:12:12] WARNING: not removing hydrogen atom without neighbors
[02:12:12] WARNING: not removing hydrogen atom without neighbors
[02:12:12] WARNING: not removing hydrogen atom without neighbors
[02:12:12] WARNING: not removing hydrogen atom without neighbors
[02:12:12] WARNING: not removing hydrogen atom without neighbors
[02:12:12] WARNING: not removing hydrogen atom without neighbors
[02:12:12] WARNING: not removing hydrogen atom without neighbors
[02:12:12] WARNING: not removing hydrogen atom without neighbors
[02:12:12] WARNING: not removing hydrogen atom without neighbors
[02:12:12] WARNING: not removing hydrogen atom without neighbors
[02:12:12] WARNING: not removing hydrogen atom without neighbors
[02:12:12] WARNING: not removing hydrogen atom without neighbors
[02:12:12] WARNING: not removing hydrogen atom without neighbors
[02:12:12] WARNING: not removing hydrogen atom without neighbors
[02:12:12] WARNING: not removing hydrogen atom without neighbors
[02:12:12] WARNING: not removing hydrogen atom without neighbors
wandb: updating run metadata; uploading artifact gmlp_project2_random_scaffold_seed500
wandb: uploading artifact gmlp_project2_random_scaffold_seed500; uploading wandb-summary.json
wandb: uploading artifact gmlp_project2_random_scaffold_seed500
wandb: uploading history steps 0-18, summary
wandb: 
wandb: Run history:
wandb:            epoch ▁▁▂▂▃▃▃▄▄▅▅▆▆▆▇▇██
wandb: epoch/train_loss █▅▄▄▃▃▂▂▁▁▁▁▁▁▁▁▁▁
wandb:   epoch/val_loss ▅▃▃▂▂▁▁▁▂▄▄▄▅▅█▆█▆
wandb:    test/accuracy ▁
wandb:       test/auprc ▁
wandb:          test/f1 ▁
wandb:         test/mcc ▁
wandb:   test/precision ▁
wandb:      test/recall ▁
wandb:     test/roc_auc ▁
wandb:               +6 ...
wandb: 
wandb: Run summary:
wandb:            epoch 17
wandb: epoch/train_loss 0.02049
wandb:   epoch/val_loss 0.42072
wandb:    test/accuracy 0.8971
wandb:       test/auprc 0.9768
wandb:          test/f1 0.9293
wandb:         test/mcc 0.7417
wandb:   test/precision 0.9139
wandb:      test/recall 0.9452
wandb:     test/roc_auc 0.9438
wandb:               +7 ...
wandb: 
wandb: 🚀 View run final_random_scaffold_seed500 at: https://wandb.ai/minzikim-seoul-national-university/MultiModal_GMLP_BBBP_Project2_Final/runs/2p2q96z7
wandb: ⭐️ View project at: https://wandb.ai/minzikim-seoul-national-university/MultiModal_GMLP_BBBP_Project2_Final
wandb: Synced 4 W&B file(s), 0 media file(s), 3 artifact file(s) and 0 other file(s)
wandb: Find logs at: ./wandb/run-20260331_021211-2p2q96z7/logs
  roc_auc=0.9438 | mcc=0.7417 | f1=0.9293

  --- Seed: 600 ---
wandb: setting up run 03eg4mtd
wandb: Tracking run with wandb version 0.22.3
wandb: Run data is saved locally in /home/minji/BBB/wandb/run-20260331_021224-03eg4mtd
wandb: Run `wandb offline` to turn off syncing.
wandb: Syncing run whole-haze-37
wandb: ⭐️ View project at https://wandb.ai/minzikim-seoul-national-university/MultiModal_GMLP_BBBP_Project2_Final
wandb: 🚀 View run at https://wandb.ai/minzikim-seoul-national-university/MultiModal_GMLP_BBBP_Project2_Final/runs/03eg4mtd
[02:12:25] WARNING: not removing hydrogen atom without neighbors
[02:12:25] WARNING: not removing hydrogen atom without neighbors
[02:12:25] WARNING: not removing hydrogen atom without neighbors
[02:12:25] WARNING: not removing hydrogen atom without neighbors
[02:12:25] WARNING: not removing hydrogen atom without neighbors
[02:12:25] WARNING: not removing hydrogen atom without neighbors
[02:12:25] WARNING: not removing hydrogen atom without neighbors
[02:12:25] WARNING: not removing hydrogen atom without neighbors
[02:12:25] WARNING: not removing hydrogen atom without neighbors
[02:12:25] WARNING: not removing hydrogen atom without neighbors
[02:12:25] WARNING: not removing hydrogen atom without neighbors
[02:12:25] WARNING: not removing hydrogen atom without neighbors
[02:12:25] WARNING: not removing hydrogen atom without neighbors
[02:12:25] WARNING: not removing hydrogen atom without neighbors
[02:12:25] WARNING: not removing hydrogen atom without neighbors
[02:12:25] WARNING: not removing hydrogen atom without neighbors
[02:12:25] WARNING: not removing hydrogen atom without neighbors
[02:12:25] WARNING: not removing hydrogen atom without neighbors
[02:12:25] WARNING: not removing hydrogen atom without neighbors
[02:12:25] WARNING: not removing hydrogen atom without neighbors
[02:12:25] WARNING: not removing hydrogen atom without neighbors
[02:12:25] WARNING: not removing hydrogen atom without neighbors
[02:12:25] WARNING: not removing hydrogen atom without neighbors
[02:12:25] WARNING: not removing hydrogen atom without neighbors
[02:12:25] WARNING: not removing hydrogen atom without neighbors
[02:12:25] WARNING: not removing hydrogen atom without neighbors
[02:12:25] WARNING: not removing hydrogen atom without neighbors
[02:12:25] WARNING: not removing hydrogen atom without neighbors
[02:12:25] WARNING: not removing hydrogen atom without neighbors
[02:12:25] WARNING: not removing hydrogen atom without neighbors
[02:12:25] WARNING: not removing hydrogen atom without neighbors
[02:12:25] WARNING: not removing hydrogen atom without neighbors
[02:12:25] WARNING: not removing hydrogen atom without neighbors
[02:12:25] WARNING: not removing hydrogen atom without neighbors
[02:12:25] WARNING: not removing hydrogen atom without neighbors
[02:12:25] WARNING: not removing hydrogen atom without neighbors
[02:12:25] WARNING: not removing hydrogen atom without neighbors
[02:12:25] WARNING: not removing hydrogen atom without neighbors
[02:12:25] WARNING: not removing hydrogen atom without neighbors
[02:12:25] WARNING: not removing hydrogen atom without neighbors
wandb: uploading artifact gmlp_project2_random_scaffold_seed600; updating run metadata
wandb: uploading artifact gmlp_project2_random_scaffold_seed600; uploading wandb-summary.json
wandb: uploading artifact gmlp_project2_random_scaffold_seed600; uploading config.yaml
wandb: uploading artifact gmlp_project2_random_scaffold_seed600
wandb: uploading history steps 0-15, summary
wandb: 
wandb: Run history:
wandb:            epoch ▁▁▂▃▃▃▄▅▅▅▆▇▇▇█
wandb: epoch/train_loss █▅▄▄▃▂▂▁▁▁▁▁▁▁▁
wandb:   epoch/val_loss ▄▁▁▁▁▂▃▄▅▆▇▇█▆▆
wandb:    test/accuracy ▁
wandb:       test/auprc ▁
wandb:          test/f1 ▁
wandb:         test/mcc ▁
wandb:   test/precision ▁
wandb:      test/recall ▁
wandb:     test/roc_auc ▁
wandb:               +6 ...
wandb: 
wandb: Run summary:
wandb:            epoch 14
wandb: epoch/train_loss 0.03148
wandb:   epoch/val_loss 0.51023
wandb:    test/accuracy 0.8824
wandb:       test/auprc 0.9639
wandb:          test/f1 0.9281
wandb:         test/mcc 0.6038
wandb:   test/precision 0.9281
wandb:      test/recall 0.9281
wandb:     test/roc_auc 0.9016
wandb:               +7 ...
wandb: 
wandb: 🚀 View run final_random_scaffold_seed600 at: https://wandb.ai/minzikim-seoul-national-university/MultiModal_GMLP_BBBP_Project2_Final/runs/03eg4mtd
wandb: ⭐️ View project at: https://wandb.ai/minzikim-seoul-national-university/MultiModal_GMLP_BBBP_Project2_Final
wandb: Synced 4 W&B file(s), 0 media file(s), 3 artifact file(s) and 0 other file(s)
wandb: Find logs at: ./wandb/run-20260331_021224-03eg4mtd/logs
  roc_auc=0.9016 | mcc=0.6038 | f1=0.9281

  --- Seed: 700 ---
wandb: setting up run dlemx6bj
wandb: Tracking run with wandb version 0.22.3
wandb: Run data is saved locally in /home/minji/BBB/wandb/run-20260331_021238-dlemx6bj
wandb: Run `wandb offline` to turn off syncing.
wandb: Syncing run wobbly-spaceship-38
wandb: ⭐️ View project at https://wandb.ai/minzikim-seoul-national-university/MultiModal_GMLP_BBBP_Project2_Final
wandb: 🚀 View run at https://wandb.ai/minzikim-seoul-national-university/MultiModal_GMLP_BBBP_Project2_Final/runs/dlemx6bj
[02:12:39] WARNING: not removing hydrogen atom without neighbors
[02:12:39] WARNING: not removing hydrogen atom without neighbors
[02:12:39] WARNING: not removing hydrogen atom without neighbors
[02:12:39] WARNING: not removing hydrogen atom without neighbors
[02:12:40] WARNING: not removing hydrogen atom without neighbors
[02:12:40] WARNING: not removing hydrogen atom without neighbors
[02:12:40] WARNING: not removing hydrogen atom without neighbors
[02:12:40] WARNING: not removing hydrogen atom without neighbors
[02:12:40] WARNING: not removing hydrogen atom without neighbors
[02:12:40] WARNING: not removing hydrogen atom without neighbors
[02:12:40] WARNING: not removing hydrogen atom without neighbors
[02:12:40] WARNING: not removing hydrogen atom without neighbors
[02:12:40] WARNING: not removing hydrogen atom without neighbors
[02:12:40] WARNING: not removing hydrogen atom without neighbors
[02:12:40] WARNING: not removing hydrogen atom without neighbors
[02:12:40] WARNING: not removing hydrogen atom without neighbors
[02:12:40] WARNING: not removing hydrogen atom without neighbors
[02:12:40] WARNING: not removing hydrogen atom without neighbors
[02:12:40] WARNING: not removing hydrogen atom without neighbors
[02:12:40] WARNING: not removing hydrogen atom without neighbors
[02:12:40] WARNING: not removing hydrogen atom without neighbors
[02:12:40] WARNING: not removing hydrogen atom without neighbors
[02:12:40] WARNING: not removing hydrogen atom without neighbors
[02:12:40] WARNING: not removing hydrogen atom without neighbors
[02:12:40] WARNING: not removing hydrogen atom without neighbors
[02:12:40] WARNING: not removing hydrogen atom without neighbors
[02:12:40] WARNING: not removing hydrogen atom without neighbors
[02:12:40] WARNING: not removing hydrogen atom without neighbors
[02:12:40] WARNING: not removing hydrogen atom without neighbors
[02:12:40] WARNING: not removing hydrogen atom without neighbors
[02:12:40] WARNING: not removing hydrogen atom without neighbors
[02:12:40] WARNING: not removing hydrogen atom without neighbors
[02:12:40] WARNING: not removing hydrogen atom without neighbors
[02:12:40] WARNING: not removing hydrogen atom without neighbors
[02:12:40] WARNING: not removing hydrogen atom without neighbors
[02:12:40] WARNING: not removing hydrogen atom without neighbors
[02:12:40] WARNING: not removing hydrogen atom without neighbors
[02:12:40] WARNING: not removing hydrogen atom without neighbors
[02:12:40] WARNING: not removing hydrogen atom without neighbors
[02:12:40] WARNING: not removing hydrogen atom without neighbors
wandb: uploading artifact gmlp_project2_random_scaffold_seed700; updating run metadata
wandb: uploading artifact gmlp_project2_random_scaffold_seed700; uploading wandb-summary.json
wandb: uploading artifact gmlp_project2_random_scaffold_seed700; uploading config.yaml
wandb: uploading artifact gmlp_project2_random_scaffold_seed700
wandb: uploading artifact gmlp_project2_random_scaffold_seed700; uploading history steps 0-16, summary
wandb: uploading data
wandb: 
wandb: Run history:
wandb:            epoch ▁▁▂▂▃▃▄▄▅▅▆▆▇▇██
wandb: epoch/train_loss █▅▄▄▃▃▂▂▂▁▁▁▁▁▁▁
wandb:   epoch/val_loss ▃▂▃▁▁▁▂▂▃▄▆▆▇███
wandb:    test/accuracy ▁
wandb:       test/auprc ▁
wandb:          test/f1 ▁
wandb:         test/mcc ▁
wandb:   test/precision ▁
wandb:      test/recall ▁
wandb:     test/roc_auc ▁
wandb:               +6 ...
wandb: 
wandb: Run summary:
wandb:            epoch 15
wandb: epoch/train_loss 0.01702
wandb:   epoch/val_loss 0.48591
wandb:    test/accuracy 0.8039
wandb:       test/auprc 0.9116
wandb:          test/f1 0.8684
wandb:         test/mcc 0.5025
wandb:   test/precision 0.8199
wandb:      test/recall 0.9231
wandb:     test/roc_auc 0.8407
wandb:               +7 ...
wandb: 
wandb: 🚀 View run final_random_scaffold_seed700 at: https://wandb.ai/minzikim-seoul-national-university/MultiModal_GMLP_BBBP_Project2_Final/runs/dlemx6bj
wandb: ⭐️ View project at: https://wandb.ai/minzikim-seoul-national-university/MultiModal_GMLP_BBBP_Project2_Final
wandb: Synced 4 W&B file(s), 0 media file(s), 3 artifact file(s) and 0 other file(s)
wandb: Find logs at: ./wandb/run-20260331_021238-dlemx6bj/logs
  roc_auc=0.8407 | mcc=0.5025 | f1=0.8684

  --- Seed: 800 ---
wandb: setting up run xn6t5upw
wandb: Tracking run with wandb version 0.22.3
wandb: Run data is saved locally in /home/minji/BBB/wandb/run-20260331_021256-xn6t5upw
wandb: Run `wandb offline` to turn off syncing.
wandb: Syncing run scarlet-sun-39
wandb: ⭐️ View project at https://wandb.ai/minzikim-seoul-national-university/MultiModal_GMLP_BBBP_Project2_Final
wandb: 🚀 View run at https://wandb.ai/minzikim-seoul-national-university/MultiModal_GMLP_BBBP_Project2_Final/runs/xn6t5upw
[02:12:57] WARNING: not removing hydrogen atom without neighbors
[02:12:57] WARNING: not removing hydrogen atom without neighbors
[02:12:57] WARNING: not removing hydrogen atom without neighbors
[02:12:57] WARNING: not removing hydrogen atom without neighbors
[02:12:57] WARNING: not removing hydrogen atom without neighbors
[02:12:57] WARNING: not removing hydrogen atom without neighbors
[02:12:57] WARNING: not removing hydrogen atom without neighbors
[02:12:57] WARNING: not removing hydrogen atom without neighbors
[02:12:57] WARNING: not removing hydrogen atom without neighbors
[02:12:57] WARNING: not removing hydrogen atom without neighbors
[02:12:57] WARNING: not removing hydrogen atom without neighbors
[02:12:57] WARNING: not removing hydrogen atom without neighbors
[02:12:57] WARNING: not removing hydrogen atom without neighbors
[02:12:57] WARNING: not removing hydrogen atom without neighbors
[02:12:57] WARNING: not removing hydrogen atom without neighbors
[02:12:57] WARNING: not removing hydrogen atom without neighbors
[02:12:57] WARNING: not removing hydrogen atom without neighbors
[02:12:57] WARNING: not removing hydrogen atom without neighbors
[02:12:57] WARNING: not removing hydrogen atom without neighbors
[02:12:57] WARNING: not removing hydrogen atom without neighbors
[02:12:57] WARNING: not removing hydrogen atom without neighbors
[02:12:57] WARNING: not removing hydrogen atom without neighbors
[02:12:57] WARNING: not removing hydrogen atom without neighbors
[02:12:57] WARNING: not removing hydrogen atom without neighbors
[02:12:57] WARNING: not removing hydrogen atom without neighbors
[02:12:57] WARNING: not removing hydrogen atom without neighbors
[02:12:57] WARNING: not removing hydrogen atom without neighbors
[02:12:57] WARNING: not removing hydrogen atom without neighbors
[02:12:57] WARNING: not removing hydrogen atom without neighbors
[02:12:57] WARNING: not removing hydrogen atom without neighbors
[02:12:58] WARNING: not removing hydrogen atom without neighbors
[02:12:58] WARNING: not removing hydrogen atom without neighbors
[02:12:58] WARNING: not removing hydrogen atom without neighbors
[02:12:58] WARNING: not removing hydrogen atom without neighbors
[02:12:58] WARNING: not removing hydrogen atom without neighbors
[02:12:58] WARNING: not removing hydrogen atom without neighbors
[02:12:58] WARNING: not removing hydrogen atom without neighbors
[02:12:58] WARNING: not removing hydrogen atom without neighbors
[02:12:58] WARNING: not removing hydrogen atom without neighbors
[02:12:58] WARNING: not removing hydrogen atom without neighbors
wandb: uploading artifact gmlp_project2_random_scaffold_seed800; updating run metadata
wandb: uploading artifact gmlp_project2_random_scaffold_seed800; updating run metadata; uploading wandb-summary.json
wandb: uploading artifact gmlp_project2_random_scaffold_seed800; uploading config.yaml
wandb: uploading artifact gmlp_project2_random_scaffold_seed800
wandb: uploading history steps 0-16, summary
wandb: 
wandb: Run history:
wandb:            epoch ▁▁▂▂▃▃▄▄▅▅▆▆▇▇██
wandb: epoch/train_loss █▅▅▄▃▃▂▂▁▁▁▁▁▁▁▁
wandb:   epoch/val_loss ▄▂▂▂▁▁▂▂▄▆▅█▆▇██
wandb:    test/accuracy ▁
wandb:       test/auprc ▁
wandb:          test/f1 ▁
wandb:         test/mcc ▁
wandb:   test/precision ▁
wandb:      test/recall ▁
wandb:     test/roc_auc ▁
wandb:               +6 ...
wandb: 
wandb: Run summary:
wandb:            epoch 15
wandb: epoch/train_loss 0.02455
wandb:   epoch/val_loss 0.4741
wandb:    test/accuracy 0.8775
wandb:       test/auprc 0.9324
wandb:          test/f1 0.9284
wandb:         test/mcc 0.5199
wandb:   test/precision 0.9
wandb:      test/recall 0.9586
wandb:     test/roc_auc 0.8012
wandb:               +7 ...
wandb: 
wandb: 🚀 View run final_random_scaffold_seed800 at: https://wandb.ai/minzikim-seoul-national-university/MultiModal_GMLP_BBBP_Project2_Final/runs/xn6t5upw
wandb: ⭐️ View project at: https://wandb.ai/minzikim-seoul-national-university/MultiModal_GMLP_BBBP_Project2_Final
wandb: Synced 4 W&B file(s), 0 media file(s), 3 artifact file(s) and 0 other file(s)
wandb: Find logs at: ./wandb/run-20260331_021256-xn6t5upw/logs
  roc_auc=0.8012 | mcc=0.5199 | f1=0.9284

  --- Seed: 900 ---
wandb: setting up run fclzhza5
wandb: Tracking run with wandb version 0.22.3
wandb: Run data is saved locally in /home/minji/BBB/wandb/run-20260331_021311-fclzhza5
wandb: Run `wandb offline` to turn off syncing.
wandb: Syncing run sweet-bird-40
wandb: ⭐️ View project at https://wandb.ai/minzikim-seoul-national-university/MultiModal_GMLP_BBBP_Project2_Final
wandb: 🚀 View run at https://wandb.ai/minzikim-seoul-national-university/MultiModal_GMLP_BBBP_Project2_Final/runs/fclzhza5
[02:13:13] WARNING: not removing hydrogen atom without neighbors
[02:13:13] WARNING: not removing hydrogen atom without neighbors
[02:13:13] WARNING: not removing hydrogen atom without neighbors
[02:13:13] WARNING: not removing hydrogen atom without neighbors
[02:13:13] WARNING: not removing hydrogen atom without neighbors
[02:13:13] WARNING: not removing hydrogen atom without neighbors
[02:13:13] WARNING: not removing hydrogen atom without neighbors
[02:13:13] WARNING: not removing hydrogen atom without neighbors
[02:13:13] WARNING: not removing hydrogen atom without neighbors
[02:13:13] WARNING: not removing hydrogen atom without neighbors
[02:13:13] WARNING: not removing hydrogen atom without neighbors
[02:13:13] WARNING: not removing hydrogen atom without neighbors
[02:13:13] WARNING: not removing hydrogen atom without neighbors
[02:13:13] WARNING: not removing hydrogen atom without neighbors
[02:13:13] WARNING: not removing hydrogen atom without neighbors
[02:13:13] WARNING: not removing hydrogen atom without neighbors
[02:13:13] WARNING: not removing hydrogen atom without neighbors
[02:13:13] WARNING: not removing hydrogen atom without neighbors
[02:13:13] WARNING: not removing hydrogen atom without neighbors
[02:13:13] WARNING: not removing hydrogen atom without neighbors
[02:13:13] WARNING: not removing hydrogen atom without neighbors
[02:13:13] WARNING: not removing hydrogen atom without neighbors
[02:13:13] WARNING: not removing hydrogen atom without neighbors
[02:13:13] WARNING: not removing hydrogen atom without neighbors
[02:13:13] WARNING: not removing hydrogen atom without neighbors
[02:13:13] WARNING: not removing hydrogen atom without neighbors
[02:13:13] WARNING: not removing hydrogen atom without neighbors
[02:13:13] WARNING: not removing hydrogen atom without neighbors
[02:13:13] WARNING: not removing hydrogen atom without neighbors
[02:13:13] WARNING: not removing hydrogen atom without neighbors
[02:13:13] WARNING: not removing hydrogen atom without neighbors
[02:13:13] WARNING: not removing hydrogen atom without neighbors
[02:13:13] WARNING: not removing hydrogen atom without neighbors
[02:13:13] WARNING: not removing hydrogen atom without neighbors
[02:13:13] WARNING: not removing hydrogen atom without neighbors
[02:13:13] WARNING: not removing hydrogen atom without neighbors
[02:13:13] WARNING: not removing hydrogen atom without neighbors
[02:13:13] WARNING: not removing hydrogen atom without neighbors
[02:13:13] WARNING: not removing hydrogen atom without neighbors
[02:13:13] WARNING: not removing hydrogen atom without neighbors
wandb: uploading artifact gmlp_project2_random_scaffold_seed900; updating run metadata
wandb: uploading artifact gmlp_project2_random_scaffold_seed900; uploading wandb-summary.json
wandb: uploading artifact gmlp_project2_random_scaffold_seed900; uploading config.yaml
wandb: uploading artifact gmlp_project2_random_scaffold_seed900
wandb: uploading artifact gmlp_project2_random_scaffold_seed900; uploading history steps 0-14, summary
wandb: uploading artifact gmlp_project2_random_scaffold_seed900
wandb: uploading data
wandb: 
wandb: Run history:
wandb:            epoch ▁▂▂▃▃▄▄▅▅▆▆▇▇█
wandb: epoch/train_loss █▅▅▄▃▃▂▂▁▁▁▁▁▁
wandb:   epoch/val_loss ▅▂▂▁▁▁▂▂▃▄▅▇█▆
wandb:    test/accuracy ▁
wandb:       test/auprc ▁
wandb:          test/f1 ▁
wandb:         test/mcc ▁
wandb:   test/precision ▁
wandb:      test/recall ▁
wandb:     test/roc_auc ▁
wandb:               +6 ...
wandb: 
wandb: Run summary:
wandb:            epoch 13
wandb: epoch/train_loss 0.02905
wandb:   epoch/val_loss 0.38782
wandb:    test/accuracy 0.8873
wandb:       test/auprc 0.9846
wandb:          test/f1 0.9318
wandb:         test/mcc 0.6088
wandb:   test/precision 0.9235
wandb:      test/recall 0.9401
wandb:     test/roc_auc 0.9346
wandb:               +7 ...
wandb: 
wandb: 🚀 View run final_random_scaffold_seed900 at: https://wandb.ai/minzikim-seoul-national-university/MultiModal_GMLP_BBBP_Project2_Final/runs/fclzhza5
wandb: ⭐️ View project at: https://wandb.ai/minzikim-seoul-national-university/MultiModal_GMLP_BBBP_Project2_Final
wandb: Synced 4 W&B file(s), 0 media file(s), 3 artifact file(s) and 0 other file(s)
wandb: Find logs at: ./wandb/run-20260331_021311-fclzhza5/logs
  roc_auc=0.9346 | mcc=0.6088 | f1=0.9318

================================================================================
FINAL SUMMARY (mean ± std across 10 seeds)
================================================================================

[scaffold]
  roc_auc     : 0.8293 ± 0.0166
  mcc         : 0.2134 ± 0.0526
  f1          : 0.9374 ± 0.0068
  auprc       : 0.9759 ± 0.0031
  accuracy    : 0.8843 ± 0.0119

[random_scaffold]
  roc_auc     : 0.9002 ± 0.0492
  mcc         : 0.6306 ± 0.0885
  f1          : 0.9221 ± 0.0223
  auprc       : 0.9595 ± 0.0258
  accuracy    : 0.8775 ± 0.0319
================================================================================

[Done] Project 2 HPO 완료.
  Optuna DB:    /home/minji/BBB/project2/optuna/project2_hpo.db
  Best params:  /home/minji/BBB/project2/best_hparams.json
  Results CSV:  /home/minji/BBB/project2/results_hpo.csv
  Artifacts:    /home/minji/BBB/project2/best_hpo
